date,signal_date,portfolio_return,gross_return,equity_curve,cumulative_return,transaction_cost,transaction_cost_amount,slippage_amount,turnover,cash,n_stocks,stale_price_positions,benchmark_cumulative,benchmark_return,benchmark_equity
2025-09-17,2025-09-16,-0.0012986114155763007,0.0,998701.3885844237,0.9987013885844237,0.00029991002699190244,299.91002699190244,998.7013885843328,0.49935069429221185,0.0,10,0,1.0,0.0,1000000.0
2025-09-18,2025-09-17,-0.0033709048063959024,-0.0005856918784963305,995334.8612734902,0.9953348612734902,0.0009884598022118366,987.176177028846,1794.419841567888,0.8989030430558679,-1.4551915228366852e-11,10,0,1.0063635554622843,0.006363555462284287,1006363.5554622842
2025-09-19,2025-09-18,-0.004606405952265025,-0.00274186834401835,990749.9448440232,0.9907499448440232,0.0006617161858622767,658.6291880576522,1197.2100935858111,0.6030642339246763,0.0,10,0,0.9959721390232986,-0.010325708222027385,995972.1390232986
2025-09-22,2025-09-19,-0.003973788548441992,-0.0008810408343610243,986812.9140588325,0.9868129140588324,0.001097602543464082,1087.4496593976987,1976.689967744677,0.9984522625230416,-1.4551915228366852e-11,10,0,0.9988353626491658,0.0028748029324143776,998835.3626491658
2025-09-23,2025-09-22,0.010040124698648567,0.01256862265161418,996720.6387702199,0.9967206387702199,0.0008973527881639889,885.5193198269241,1609.6351133306807,0.8054491953987346,0.0,10,0,1.0043103314689394,0.005481352607753731,1004310.3314689394
2025-09-24,2025-09-23,0.0048371201666965735,0.007652360691386084,1001541.896272578,1.001541896272578,0.0009991164640729298,995.8400002766141,1810.168333783757,0.9011659831623975,-2.9103830456733704e-11,10,0,0.9951253916621616,-0.009145519585906925,995125.3916621617
2025-09-25,2025-09-24,0.024161591619120015,0.026401075537578977,1025740.7425597552,1.0257407425597551,0.000794782980117047,796.008453031598,1446.928517333866,0.7037701795009657,-1.4551915228366852e-11,10,0,1.0103374017053603,0.015286525869659506,1010337.4017053604
2025-09-26,2025-09-25,0.0018947671407405497,0.004392278078350298,1027684.2824136761,1.027684282413676,0.0008863556328792013,909.1710850415337,1652.6276386536701,0.8020548046294426,1.4551915228366852e-11,10,0,1.0131999612156501,0.002833270851359204,1013199.9612156502
2025-09-29,2025-09-26,-0.02577679799111221,-0.023939810157394215,1001193.8722672577,1.0011938722672578,0.000651938892209627,669.9873526180176,1217.8561710795832,0.6070573074494378,0.0,10,0,1.0083563449380888,-0.004780513682363319,1008356.3449380888
2025-09-30,2025-09-29,0.0261136432064053,0.028674675617191392,1027338.6918280841,1.027338691828084,0.0009088991239650351,909.9842334228717,1654.1057229344065,0.803039739376457,0.0,10,0,1.0249293491711617,0.016435662170688703,1024929.3491711618
2025-10-09,2025-09-30,0.0019491915797666959,0.004748347590226354,1029341.1717557639,1.029341171755764,0.0009934081408079678,1020.5666198290269,1855.1146541794965,0.8986070362707373,-1.4551915228366852e-11,10,0,1.0320606222408766,0.006957819166249601,1032060.6222408765
2025-10-10,2025-10-09,-0.007624910121419859,-0.005759171725622125,1021492.5378368492,1.0214925378368491,0.0006621423400758354,681.570372202764,1238.9109743171093,0.6052839621415875,1.4551915228366852e-11,10,0,1.0359091720116902,0.0037289958437300985,1035909.1720116902
2025-10-13,2025-10-10,-0.07267926649944956,-0.07092048056073408,947251.2094522058,0.9472512094522058,0.0006241853840693026,637.6007120536203,1158.9859999968346,0.6106046527272667,-1.4551915228366852e-11,10,0,0.9941513554820306,-0.04031030678931802,994151.3554820305
2025-10-14,2025-10-13,0.062153719189595336,0.06446022616827696,1006126.3951265027,1.0061263951265027,0.0008185691690247163,775.3906353789496,1409.450889787093,0.6989165837661288,0.0,10,0,1.0258491492458082,0.03188427354545875,1025849.1492458081
2025-10-15,2025-10-14,-0.03885694374553217,-0.03675047241290197,967031.3983901772,0.9670313983901772,0.0007475773991853865,752.1573537204395,1367.2190546163372,0.7053696339976976,-2.2737367544323206e-13,10,0,1.0059675212063173,-0.019380654606096503,1005967.5212063172
2025-10-16,2025-10-15,0.011398143408028805,0.014226661192637602,978053.760949095,0.978053760949095,0.0010038285051459045,970.7336830751651,1764.5318255461418,0.8995470880823021,-1.4551915228366852e-11,10,0,1.0158579731281128,0.009831780562791215,1015857.9731281127
2025-10-17,2025-10-16,-0.012217246479791943,-0.00944336769371601,966104.6370810925,0.9661046370810925,0.0009844373651934845,962.8326674463053,1750.169911692398,0.903250436432118,-1.4551915228366852e-11,10,0,1.0206785667323255,0.004745342096758698,1020678.5667323255
2025-10-20,2025-10-17,-0.02721891747286831,-0.024803961543105935,939808.3146942268,0.9398083146942269,0.0008570572241609762,828.0069585057684,1505.0931635839356,0.7987618100184329,1.4551915228366852e-11,10,0,1.0090665058621482,-0.011376804851847666,1009066.5058621482
2025-10-21,2025-10-20,0.004960571386930068,0.007479049709478991,944470.300929298,0.9444703009292981,0.0008937968654551482,839.9977258023854,1526.889142106674,0.8063102937787116,0.0,10,0,1.0085971975208123,-0.00046509158574725706,1008597.1975208124
2025-10-22,2025-10-21,-0.0019488913745757674,0.0005379889163577012,942629.630906274,0.9426296309062739,0.0008825828631903227,833.5733023924056,1515.2112743604675,0.801717398796928,0.0,10,0,1.0130038257484693,0.004369066499975149,1013003.8257484692
2025-10-23,2025-10-22,-0.0030955311525742157,-0.0006139432836643754,939711.691518464,0.939711691518464,0.0008807046059216068,830.1782576173397,1509.0399993144579,0.8009333591505624,-1.4551915228366852e-11,10,0,1.013595774099758,0.0005843495712876123,1013595.7740997581
2025-10-24,2025-10-23,0.002853436330163328,0.005655750022771633,942393.098998922,0.942393098998922,0.000994528788296148,934.5703299135815,1698.7966103324684,0.8988090130599233,0.0,10,0,1.023354952509095,0.009628274563402428,1023354.9525090951
2025-10-27,2025-10-24,0.029507645011294104,0.03239421907009832,970200.9000252757,0.9702009000252757,0.0010244324211818256,965.4180441125096,1754.8694286537154,0.9018559011787037,0.0,10,0,1.0403109300584465,0.016569009128043266,1040310.9300584466
2025-10-28,2025-10-27,0.004686519336052575,0.00750186441241385,974747.7653030996,0.9747477653030996,0.0009991535690009185,969.3796919081574,1762.070635059652,0.9013340677141376,0.0,10,0,1.039944781003461,-0.0003519611727668126,1039944.781003461
2025-10-29,2025-10-28,0.005654513087224089,0.007560560317878107,980259.4892987486,0.9802594892987485,0.0006764477680488307,659.3659502498673,1198.5493283921246,0.6101863803686169,1.4551915228366852e-11,10,0,1.0406770791134323,0.0007041701860983629,1040677.0791134323
2025-10-30,2025-10-29,0.008559914500526844,0.011079675654771526,988650.4267154759,0.9886504267154759,0.0008942521367744048,876.5991428987927,1593.4206393161721,0.8038481321553396,-1.4551915228366852e-11,10,0,1.0484129187304057,0.007433467856872156,1048412.9187304056
2025-10-31,2025-10-30,-0.017719483786679868,-0.014961687222602493,971132.0515085969,0.9711320515085968,0.0009787298554311216,967.6216892111544,1758.8750606582141,0.9030444225209413,-1.4551915228366852e-11,10,0,1.0410000606558893,-0.007070552014461051,1041000.0606558893
2025-11-03,2025-10-31,-0.008682120474917232,-0.006505770250614051,962700.5660403457,0.9627005660403457,0.0007723771100978974,750.0801674676525,1363.4432906611712,0.7065834265386762,0.0,10,0,1.0264419830845335,-0.01398470386465056,1026441.9830845335
2025-11-04,2025-11-03,0.014997231041352421,0.01814888541551518,977138.4088528935,0.9771384088528935,0.0011185082577057975,1076.7885328141722,1957.3109171556316,0.9984522625230416,0.0,10,0,1.0292348104592004,0.0027208818624839815,1029234.8104592004
2025-11-05,2025-11-04,-0.025329950798628986,-0.022894866785235668,952387.541033199,0.952387541033199,0.0008642005923989192,844.4435917864079,1534.9705264839401,0.8038456495598613,0.0,10,0,1.0099232149569455,-0.018763060971129564,1009923.2149569455
2025-11-06,2025-11-05,0.024162364801042724,0.027023577987511427,975399.4762316112,0.9753994762316112,0.0010154319592776452,967.08474678296,1757.899044249655,0.8986070362707375,0.0,10,0,1.0276106051288318,0.017513598964689958,1027610.6051288318
2025-11-07,2025-11-06,0.0003523197900205943,0.002835722078490921,975743.1287702633,0.9757431287702633,0.0008813485354330129,859.6668998388584,1562.6423916072144,0.7987618100184333,0.0,10,0,1.0346393830277736,0.006839923472822251,1034639.3830277736
2025-11-10,2025-11-07,0.013490468423431823,0.01541611937128784,988906.3606383192,0.9889063606383192,0.0006834050409503502,666.8277728742646,1212.1129079061477,0.6116930208252236,5.684341886080802e-14,10,0,1.0378187256684654,0.0030728993046715836,1037818.7256684655
2025-11-11,2025-11-10,0.008048600770182324,0.010554508630980619,996865.6731341908,0.9968656731341908,0.0008893356639393154,879.4696948120917,1598.6385279052092,0.7998441365866424,0.0,10,0,1.0418505713386312,0.003884922839071825,1041850.5713386312
2025-11-12,2025-11-11,-0.008738017343448257,-0.005660062972700608,988155.043593256,0.988155043593256,0.0010923524510639802,1088.928661429678,1979.3783942420264,0.9984522625230411,0.0,10,0,1.0279532887667506,-0.01333903628235722,1027953.2887667506
2025-11-13,2025-11-12,-0.0009219474529735816,0.0015692809078053926,987244.0165676723,0.9872440165676722,0.0008841259740299289,873.6535404094743,1588.0663290368584,0.8022921715872102,0.0,10,0,1.028003540178771,4.8884917796865324e-05,1028003.540178771
2025-11-14,2025-11-13,0.004588941564825477,0.007405552481420052,991774.4216699249,0.9917744216699249,0.0009996028101248518,986.8518932399909,1793.8303811670576,0.9018255368923003,0.0,10,0,1.032327375331117,0.004206050838690745,1032327.3753311171
2025-11-17,2025-11-14,-0.018623217035198092,-0.01648259158053922,973304.3913652077,0.9733043913652077,0.0007596985466806741,753.449586777708,1369.5679855284218,0.7020348069880002,0.0,10,0,1.022030927419694,-0.00997401421048294,1022030.9274196939
2025-11-18,2025-11-17,-0.010827166999355375,-0.00898316504896679,962766.2621786906,0.9627662621786907,0.0006544281713260478,636.9578129847449,1157.8173830142434,0.6001783910770402,0.0,10,0,1.014943485978085,-0.006934664354534159,1014943.4859780851
2025-11-19,2025-11-18,0.0018328858952327831,0.0049436638367370556,964530.9028810438,0.9645309028810438,0.0011040013917726584,1062.8952933970347,1932.056757813189,0.9984522625230413,0.0,10,0,1.0112348432222358,-0.003654038680070193,1011234.8432222358
2025-11-20,2025-11-19,0.007867643123830259,0.01068433392677881,972119.4878068177,0.9721194878068178,0.0009996311614400774,964.1751466918245,1752.6101766127915,0.8989254015884015,-1.4551915228366852e-11,10,0,1.02263615808253,0.011274645980319242,1022636.15808253
2025-11-21,2025-11-20,-0.04392593089335872,-0.04184880092172649,929418.2343653282,0.9294182343653282,0.0007371642793846031,716.6117617048423,1302.6067624264915,0.6992454288721542,0.0,10,0,0.9991366497494293,-0.022979344263714396,999136.6497494293
2025-11-24,2025-11-21,-0.010568180927995163,-0.008715478510669561,919595.9743067776,0.9195959743067775,0.0006575159287258198,611.1072935434304,1110.828115971779,0.6028473474014626,0.0,10,0,0.9902308598570027,-0.008913485352238903,990230.8598570026
2025-11-25,2025-11-24,0.0007918698503028843,0.002984043950619908,920324.1746332911,0.9203241746332911,0.0007779929340076887,715.439170152589,1300.4753074781268,0.7049868713457873,1.4551915228366852e-11,10,0,0.9908241364394462,0.0005991295631093685,990824.1364394462
2025-11-26,2025-11-25,0.005188333431533243,0.007065446952605248,925099.1233163893,0.9250991233163893,0.0006661793219403675,613.1009346225343,1114.4520173508538,0.6012192170805751,0.0,10,0,0.9940043645675745,0.003209679711231539,994004.3645675745
2025-11-27,2025-11-26,-0.008865916185933576,-0.007925150502421374,916897.2720253855,0.9168972720253855,0.00033387359800660755,308.86617281440124,561.4353362491103,0.3058701094041582,0.0,10,0,1.0006039024316813,0.006639344955972959,1000603.9024316813
2025-11-28,2025-11-27,-0.001635260384631132,-7.457681015954343e-05,915397.906239666,0.915397906239666,0.0005538797274291824,507.8508111099814,923.1357008177418,0.5034394684308376,0.0,10,0,0.9987184783075502,-0.0018842861991134052,998718.4783075502
2025-12-01,2025-11-28,0.020550662685484333,0.02277231789639167,934209.939833796,0.934209939833796,0.0007884556503234937,721.7506514689604,1311.9478769822567,0.7006444814286266,-1.4551915228366852e-11,10,0,1.004848486458462,0.006137873969549235,1004848.486458462
2025-12-02,2025-12-01,-0.01562343632150942,-0.013791766589988708,919614.3703278815,0.9196143703278815,0.0006500515211602088,607.2845924719462,1103.8794772073074,0.5990713575138249,0.0,10,0,1.01209221643261,0.007208778310129338,1012092.2164326101
2025-12-03,2025-12-02,-0.012549518974158458,-0.010395897814945876,908073.652338543,0.908073652338543,0.0007643106649946511,702.8710709239405,1277.6298953303897,0.7019526753934459,-1.4551915228366852e-11,10,0,1.0082578344607802,-0.003788569766246308,1008257.8344607803
2025-12-04,2025-12-03,-0.022823277262877917,-0.021298234346491696,887348.4355961062,0.8873484355961062,0.0005412310148337877,491.4776243990138,893.3736666565385,0.5026106706240746,0.0,10,0,1.0036114605096955,-0.004608319213874057,1003611.4605096955
2025-12-05,2025-12-04,-0.0057422294675110175,-0.004494368327137788,882253.0772612764,0.8822530772612764,0.00044286042321780233,392.9715037297464,714.3161270218187,0.40431751039064806,0.0,10,0,1.0067784063262764,0.0031555496735484745,1006778.4063262764
2025-12-08,2025-12-05,0.004155909407459246,0.00634012967631592,885919.6411248264,0.8859196411248264,0.0007751701542508294,683.8962539888926,1243.1387996266049,0.7000864186243984,-1.4551915228366852e-11,10,0,1.0167919410017432,0.00994611586079408,1016791.9410017432
2025-12-09,2025-12-08,0.02077778129531227,0.023016784510925925,904327.0856733397,0.9043270856733396,0.0007946123807942358,703.9627152265732,1279.6142100273205,0.7059467922171814,-1.4551915228366852e-11,10,0,1.0208295423402458,0.0039709218530241674,1020829.5423402458
2025-12-10,2025-12-09,-0.0030998947668291477,-0.0009285802029680434,901523.766872959,0.901523766872959,0.0007705899763837371,696.8653875921926,1266.7131840244767,0.7010132407561589,-1.4551915228366852e-11,10,0,1.0152675743798378,-0.005448478643806931,1015267.5743798378
2025-12-11,2025-12-10,0.01546250956403572,0.018299417873289592,915463.5867404377,0.9154635867404377,0.0010068062653912453,907.6597768868114,1649.880488344887,0.8986070362707371,0.0,10,0,1.017688497031182,0.002384516862781627,1017688.4970311819
2025-12-12,2025-12-11,-0.012574749586558132,-0.010120360204377343,903951.8613815643,0.9039518613815642,0.0008710519827619552,797.4163723766294,1449.4877346922892,0.7997625851491706,-1.4551915228366852e-11,10,0,1.009176306304272,-0.008364239894370185,1009176.306304272
2025-12-15,2025-12-12,-0.000647908819297327,0.0012419022210758968,903366.1829983549,0.9033661829983549,0.0006706856156214992,606.2675106428945,1102.030696962178,0.6088066340650092,-1.4551915228366852e-11,10,0,1.0072426231148526,-0.0019161004646460755,1007242.6231148526
2025-12-16,2025-12-15,-0.011426812550495935,-0.00926086810543636,893043.5869607757,0.8930435869607757,0.0007686841448708015,694.4032618832904,1262.2377040369154,0.7051605489313822,0.0,10,0,1.0055646244227174,-0.0016659329675168255,1005564.6244227175
2025-12-17,2025-12-16,-0.02998087041069053,-0.028455366171588614,866269.3629090064,0.8662693629090065,0.0005413947362340941,483.48909720817846,878.8526804033255,0.5064664394213249,-1.4551915228366852e-11,10,0,0.9961231146312188,-0.00938926207444779,996123.1146312188
2025-12-18,2025-12-17,0.021378286272040192,0.024549754375752242,884788.7173379731,0.884788717337973,0.001125540063064595,975.0208733595297,1772.3247803295535,0.9984522625230411,0.0,10,0,1.0081227976267166,0.012046385450999564,1008122.7976267167
2025-12-19,2025-12-18,0.005288629972986847,0.008097115407661448,889468.0374682473,0.8894680374682473,0.0009967191123756187,881.8858249850667,1603.0304004230704,0.8986070362707372,-1.4551915228366852e-11,10,0,1.009759621153055,0.0016236350672673705,1009759.6211530551
2025-12-22,2025-12-19,0.023785243317679727,0.026332634076817962,910624.2511627288,0.9106242511627287,0.0009040577618719604,804.1304832101887,1461.6921759850993,0.800584987119878,0.0,10,0,1.0155805941886344,0.005764711633975184,1015580.5941886344
2025-12-23,2025-12-22,0.0414247500416447,0.04401290245736256,948346.6331490047,0.9483466331490047,0.0009185238942802776,836.4301334040513,1520.4042220537133,0.7996206356776926,0.0,10,0,1.0218582573695798,0.006181354012539719,1021858.2573695797
2025-12-24,2025-12-23,0.0008432538733234018,0.003341777424945791,949146.3301206607,0.9491463301206607,0.0008867150051326915,840.9131896802904,1528.5532083442868,0.8032200904792478,0.0,10,0,1.0235533016948672,0.0016587861506847101,1023553.3016948672
2025-12-25,2025-12-24,0.014273565530892318,0.016501567788490323,962694.0324620439,0.9626940324620439,0.0007907081892420005,750.4977760153977,1364.2023902844717,0.7069807435138679,0.0,10,0,1.0248011748647305,0.001219157974281293,1024801.1748647306
2025-12-26,2025-12-25,0.007348977781777899,0.009552949398628163,969768.8495172577,0.9697688495172576,0.000782179820669946,752.9998456711887,1368.750477586192,0.7041690071963245,1.4551915228366852e-11,10,0,1.0271189382297246,0.002261671260574083,1027118.9382297245
2025-12-29,2025-12-26,0.012164467043452198,0.015001484286310207,981565.5707269768,0.9815655707269768,0.0010068449254476565,976.4068449936628,1774.8441026734258,0.9015613995369552,1.4551915228366852e-11,10,0,1.03120878332698,0.003981861248030905,1031208.7833269801
2025-12-30,2025-12-29,-0.020648486973537605,-0.017912462335682888,961297.7268261479,0.9612977268261479,0.0009710030946969773,953.1032068238992,1732.484378355105,0.898607036270737,-1.4551915228366852e-11,10,0,1.0221438270678456,-0.008790611955309724,1022143.8270678456
2025-12-31,2025-12-30,0.005383952116692292,0.007898660753057118,966473.3077572649,0.9664733077572649,0.0008924590204296754,857.9188276245376,1559.4648681429417,0.8047682168379168,0.0,10,0,1.0308136345584493,0.00848198390580146,1030813.6345584493
2026-01-05,2025-12-31,0.008706771820299553,0.010613361528051257,974888.1703183176,0.9748881703183176,0.0006766402907816876,653.9547799936153,1188.7132813927644,0.6085163049447543,0.0,10,0,1.0319506004268935,0.001102979074322441,1031950.6004268934
2026-01-06,2026-01-05,0.01677501943182147,0.01841403757773441,991241.9383192603,0.9912419383192602,0.0005816803218533927,567.0732646818241,1030.786136706016,0.5191100009651676,0.0,10,0,1.044700069909233,0.012354728489004652,1044700.069909233
2026-01-07,2026-01-06,-0.00017092728067202856,0.002625114779912341,991072.5080302553,0.9910725080302554,0.0009923030137108301,983.6123627107668,1787.941789045125,0.8995082111371423,0.0,10,0,1.061906197659391,0.016469921124493636,1061906.197659391
2026-01-08,2026-01-07,-0.006611558159842823,-0.0035270009490255827,984519.974502792,0.984519974502792,0.001094695769926138,1084.922882230809,1972.0969688565535,0.9984522625230414,-1.4551915228366852e-11,10,0,1.0539538563641975,-0.007488741767137097,1053953.8563641976
2026-01-09,2026-01-08,-0.005501440553806081,-0.0033171087111658615,979103.6963890302,0.9791036963890302,0.0007752097512951296,763.2094845793968,1387.3088454423466,0.7069059294892469,-1.4551915228366852e-11,10,0,1.0461938872145797,-0.007362721909275227,1046193.8872145797
2026-01-12,2026-01-09,-0.0011876913798617439,0.0012967255615528028,977940.8233688382,0.9779408233688381,0.0008817086312945279,863.2841800385847,1569.2176306718968,0.8003163643730081,0.0,10,0,1.0558662878551413,0.009245323222365265,1055866.2878551413
2026-01-13,2026-01-12,0.06419236232850567,0.06650975474699283,1040717.1550383677,1.0407171550383678,0.00082243236367305,804.2901828956022,1461.982466908706,0.7008656264794899,0.0,10,0,1.0621530272823105,0.005954105647164809,1062153.0272823106
2026-01-14,2026-01-13,-0.016831242353282594,-0.013778418147646021,1023200.5923806982,1.0232005923806982,0.0010834338661377108,1127.5482108390581,2049.578311283387,0.9984522625230419,0.0,10,0,1.0554337272424195,-0.006326112968000008,1055433.7272424195
2026-01-15,2026-01-14,-0.007856116588007667,-0.00568912005405664,1015162.209234037,1.0151622092340369,0.0007690575265850005,786.9001167766071,1430.372020449182,0.7029687774523145,-1.4551915228366852e-11,10,0,1.0452729802806375,-0.009627081928042402,1045272.9802806375
2026-01-16,2026-01-15,0.02242519850806457,0.025599917365007885,1037927.4232939957,1.0379274232939957,0.001126693741070086,1143.7769073148704,2079.0777011963714,0.9984522625230412,0.0,10,0,1.0578099327782213,0.011993950608211401,1057809.9327782213
2026-01-19,2026-01-16,-0.018634198787206402,-0.016193346728592517,1018586.4773616424,1.0185864773616424,0.000866247646245456,899.1021874020348,1634.325100436641,0.8002611118415747,-1.4551915228366852e-11,10,0,1.044918342562326,-0.012187057255207412,1044918.3425623261
2026-01-20,2026-01-19,0.010909269824713075,0.013427350548617989,1029698.5120829846,1.0296985120829845,0.0008936557594471616,910.2656719892276,1654.6173022851353,0.8014511171315105,0.0,10,0,1.0486185731875288,0.0035411672610983214,1048618.5731875289
2026-01-21,2026-01-20,-0.037761517219857876,-0.035067028831188174,990815.5339877009,0.990815533987701,0.0009562620627841751,984.6616232102707,1789.8490614278162,0.9006979644296594,0.0,10,0,1.043669583905026,-0.004719532353369527,1043669.5839050261
2026-01-22,2026-01-21,0.008065317676001715,0.010581814931408529,998806.7760276289,0.9988067760276289,0.0008930937934507559,884.8912038590122,1608.4933680354882,0.8032023919143737,0.0,10,0,1.0496911198449688,0.005769580749313663,1049691.1198449687
2026-01-23,2026-01-22,0.014046295561125577,0.01658168853091646,1012836.311212168,1.0128363112121679,0.0008997997992701126,898.7261365792888,1633.6415415405675,0.80445732446962,0.0,10,0,1.0469970243194697,-0.0025665602714605162,1046997.0243194697
2026-01-26,2026-01-23,0.023950682279540114,0.026514035031241168,1037094.4319031921,1.037094431903192,0.0009097226027369392,921.400085182414,1674.8566601859557,0.8054591035931615,0.0,10,0,1.0438513302013643,-0.003004491937453224,1043851.3302013644
2026-01-27,2026-01-26,-0.03349190176679773,-0.030490810352651554,1002360.1670669975,1.0023601670669975,0.0010650741262655911,1104.5824459142018,2007.8327493291338,0.998452262523041,-1.4551915228366852e-11,10,0,1.0415931158664737,-0.0021633486202052854,1041593.1158664738
2026-01-28,2026-01-27,0.011742235722594696,0.014568750663630725,1014130.1164276375,1.0141301164276375,0.0010031177047824023,1005.4852301535519,1827.7007583604284,0.8986070362707371,0.0,10,0,1.0461150788327327,0.004341390987878446,1046115.0788327327
2026-01-29,2026-01-28,-0.005583490910595401,-0.003108748548972473,1008467.7301404028,1.0084677301404028,0.0008782751655326581,890.6852958771372,1619.0254634436965,0.8007228440245578,0.0,10,0,1.0477724899419696,0.001584348742096564,1047772.4899419696
2026-01-30,2026-01-29,-0.0163780059806522,-0.014363103072719818,991951.0396248685,0.9919510396248685,0.0007306208007934411,736.8075005695249,1295.1570614461787,0.6514985950417481,97366.33585667262,9,0,1.0455572217477485,-0.0021142645139917704,1045557.2217477484
2026-02-02,2026-01-30,-0.010915245789159034,-0.008312062852610103,981123.6502165513,0.9811236502165512,0.0009080587650745121,900.7498360561366,1681.4801841873302,0.8546661242802878,-1.4551915228366852e-11,10,0,1.0347531681633617,-0.010333297269303654,1034753.1681633617
2026-02-03,2026-02-02,-0.013540945590587494,-0.011705400883393002,967838.3082513304,0.9678383082513304,0.000651426732961655,639.1301740919815,1161.7661491661881,0.5990713575138247,0.0,10,0,1.0290154309468118,-0.005545029861309003,1029015.4309468118
2026-02-04,2026-02-03,0.006599340540664578,0.009422689945757234,974225.4028357817,0.9742254028357817,0.001001994270016862,969.7684391706464,1762.7772726562484,0.9021766368127627,0.0,10,0,1.0289290959217547,-8.390061262508741e-05,1028929.0959217547
2026-02-05,2026-02-04,-0.0022746301819727144,0.0005261647591847662,972009.4003304469,0.9720094003304469,0.0009939897900948275,968.3701036697875,1760.2354761397678,0.9029274869076739,-1.4551915228366852e-11,10,0,1.0326439370896594,0.00361039568482302,1032643.9370896594
2026-02-06,2026-02-05,-0.025622003713062336,-0.022894033843243844,947104.5718660487,0.9471045718660487,0.0009681444929934762,941.0455480678133,1710.5668092137112,0.900529439886003,-1.4551915228366852e-11,10,0,1.0233965704186099,-0.008955038943153748,1023396.5704186099
2026-02-09,2026-02-06,0.04189799344321243,0.04451174435848926,986786.3530081289,0.9867863530081289,0.0009276086890396743,878.5424302921474,1596.9530112854943,0.807143737418054,0.0,10,0,1.0390468967428672,0.01529253348763504,1039046.8967428672
2026-02-10,2026-02-09,0.015058891149626774,0.01789467186586502,1001646.2612860155,1.0016462612860155,0.0010064060875957799,993.1077928238192,1805.2019180834702,0.8986070362707368,1.4551915228366852e-11,10,0,1.0444888811556319,0.005237477182044259,1044488.8811556319
2026-02-11,2026-02-10,-0.005957603432952818,-0.004095930934660097,995678.8500811736,0.9956788500811736,0.0006606993709573096,661.7870547534114,1202.95024290039,0.6029562307454331,0.0,10,0,1.0439166348998048,-0.0005478720416763894,1043916.6348998048
2026-02-12,2026-02-11,-0.006690785900262286,-0.005449010583285618,989016.9760698611,0.989016976069861,0.0004407005912958392,438.79625797153443,797.6131616948994,0.40273185296945657,-1.4551915228366852e-11,10,0,1.0448771673965296,0.0009201237575997556,1044877.1673965296
2026-02-13,2026-02-12,-0.00654476521527958,-0.003769338861388527,982544.092167558,0.982544092167558,0.0009849865901956397,974.168458904655,1770.7753209253544,0.8986070362707372,0.0,10,0,1.0389891186876368,-0.005635158746519209,1038989.1186876368
2026-02-24,2026-02-13,0.0038629898278943475,0.006054573375167793,986339.650001059,0.986339650001059,0.000777783349333509,764.2064348739353,1389.1210319914103,0.7026458779453358,0.0,10,0,1.0464903041339424,0.007219695867248799,1046490.3041339424
2026-02-25,2026-02-24,-0.005204079108320769,-0.003954482592639641,981206.6604347802,0.9812066604347802,0.0004434763002719863,437.4182587940355,795.1083311253497,0.40466032993520784,0.0,10,0,1.043452860854947,-0.002902504941514228,1043452.8608549469
2026-02-26,2026-02-25,0.005920190425859451,0.00873586850549568,987015.5907116756,0.9870155907116756,0.0009992717503963917,980.4920970732608,1782.2699883056137,0.9003379308453853,0.0,10,0,1.04961031911639,0.005901041141808561,1049610.3191163898
2026-02-27,2026-02-26,-0.004042069829774175,-0.0015561550868694596,983026.0047709432,0.9830260047709432,0.0008822401944472835,870.7848266719691,1582.8517817552602,0.8030870021524893,-1.4551915228366852e-11,10,0,1.040071405706878,-0.009088052237845923,1040071.405706878
2026-03-02,2026-02-27,-0.010784010997337612,-0.008308318560644956,972425.0415248245,0.9724250415248245,0.0008786123429907381,863.6987812726229,1569.971263810535,0.8052301554972638,0.0,10,0,1.0362447717501173,-0.0036792031160206573,1036244.7717501173
2026-03-03,2026-03-02,0.02412349217624099,0.026376802727543947,995883.3294060293,0.9958833294060293,0.0007996899912217934,777.6385729208389,1413.537033498421,0.7081320214070094,1.4551915228366852e-11,10,0,1.0487084501623318,0.01202773587090289,1048708.4501623318
2026-03-04,2026-03-03,-0.04173901602969399,-0.03934994352693055,954316.1391562461,0.9543161391562461,0.0008478713099080412,844.3809030190714,1534.8565752252755,0.8021657743474832,1.4551915228366852e-11,10,0,1.0203454020843488,-0.027045694228546302,1020345.4020843487
2026-03-05,2026-03-04,0.013057118405659152,0.015887306748296526,966776.7579816406,0.9667767579816406,0.0010044213788334827,958.5355323343624,1742.3588798966562,0.8986070362707371,0.0,10,0,1.0298090490617597,0.009274944502203564,1029809.0490617597
2026-03-06,2026-03-05,-0.01735366226268631,-0.014608432838331353,949999.6406402125,0.9499996406402125,0.000974269832888695,941.9014304394474,1712.1225723545006,0.8986070362707371,0.0,10,0,1.0230687186952518,-0.006545223478710782,1023068.7186952519
2026-03-09,2026-03-06,-0.018019389648588402,-0.01616890899513268,932881.2269494975,0.9328812269494975,0.0006567274345128242,623.8908267857516,1134.0651290087092,0.6066860611833021,0.0,10,0,1.0183667804075278,-0.004595916385480514,1018366.7804075278
2026-03-10,2026-03-09,0.03408200675698336,0.03602424352182343,964675.6912298531,0.9646756912298531,0.000689291274355347,643.0268897461988,1168.849326464791,0.6046892716652068,1.4551915228366852e-11,10,0,1.0291101781025156,0.010549634867987878,1029110.1781025156
2026-03-11,2026-03-10,0.022670558896874082,0.02554221000305712,986545.4283042622,0.9865454283042622,0.0010191363310162664,983.1360445805732,1787.075971247224,0.9031879707618576,0.0,10,0,1.0362487564435814,0.0069366511895043725,1036248.7564435814
2026-03-12,2026-03-11,-0.006685383610018247,-0.00512189722568035,979949.9936673385,0.9799499936673385,0.0005548744323074257,547.4088344758136,995.0415102088206,0.5069022773835495,0.0,10,0,1.0406073469778092,0.00420612377783347,1040607.3469778092
2026-03-13,2026-03-12,-0.001383027034190465,0.0008014499655264462,978594.6963339418,0.9785946963339418,0.000775261266902377,759.7172735915171,1380.9609484474493,0.7040436106797658,-1.4551915228366852e-11,10,0,1.0335989352899064,-0.006734924280764498,1033598.9352899065
2026-03-16,2026-03-13,-0.019456822169662158,-0.017318133626025967,959554.3533511977,0.9595543533511977,0.0007590111454887656,742.7642814336559,1350.1449844788283,0.7019959588947905,-1.4551915228366852e-11,10,0,1.033634797531084,3.469647650855556e-05,1033634.797531084
2026-03-17,2026-03-16,0.01212095855159312,0.014650975610192685,971185.0718961683,0.9711850718961683,0.0008978919120636197,861.576093059477,1566.112789572815,0.8042790997933094,0.0,10,0,1.0372533419402712,0.0035007958495885116,1037253.3419402712
2026-03-18,2026-03-17,-0.020470553264440028,-0.018032825099314698,951304.3761522888,0.9513043761522888,0.0008651389902039392,840.2100724013911,1527.2751309092523,0.8007340851697251,-1.4551915228366852e-11,10,0,1.0291028728311646,-0.007857741960956566,1029102.8728311646
2026-03-19,2026-03-18,-0.0045664534829967796,-0.0030091854759453085,946960.288970418,0.9469602889704181,0.0005526675575936533,525.7550660962395,955.6808038534732,0.503816301425575,-5.684341886080802e-14,10,0,1.0208430460236522,-0.008026240160800335,1020843.0460236522
2026-03-20,2026-03-19,-0.013851196613759553,-0.012006762162579787,933843.7558224662,0.9338437558224663,0.0006545816639521182,619.862841650835,1126.7433392250655,0.6021563415918906,0.0,10,0,1.0189350419698908,-0.001869047412521807,1018935.0419698908
2026-03-23,2026-03-20,-0.04261113054426724,-0.04140195042522776,894051.6176351663,0.8940516176351663,0.0004291326990952266,400.7428914693187,728.4424123606072,0.40686887496307905,0.0,10,0,0.9959741313700307,-0.02253422412038175,995974.1313700307
2026-03-24,2026-03-23,0.008117015395664895,0.010629108803140719,901308.6483800301,0.9013086483800301,0.0008915308872143184,797.0746318856764,1448.8665427187373,0.8017592735780206,0.0,10,0,0.9870765322363915,-0.00893356449067606,987076.5322363914
2026-03-25,2026-03-24,0.017026362106793647,0.019873034695323755,916654.6557973331,0.9166546557973331,0.0010102715651051008,910.566498841656,1655.1641243067738,0.9003086467393473,-1.4551915228366852e-11,10,0,0.997639954609914,0.010701725781677052,997639.954609914
2026-03-26,2026-03-25,0.018481641093668344,0.021327474354126297,933595.9381526195,0.9335959381526195,0.00100997369126869,925.7970863342631,1682.849221487457,0.8987614723428278,0.0,10,0,1.0017804938629078,0.004150334230160979,1001780.4938629078
2026-03-27,2026-03-26,-0.04517428121032985,-0.04250677454217433,891421.4127056914,0.8914214127056914,0.0009466863689993441,883.8225488022396,1606.550841582487,0.8986070362707373,1.4551915228366852e-11,10,0,0.9810100578090473,-0.020733520148479734,981010.0578090473
2026-03-30,2026-03-27,0.02281253173279829,0.025669973876406127,911756.9919703358,0.9117569919703359,0.0010140936327736716,903.9847787429529,1643.2003336364285,0.8986070362707373,-1.4551915228366852e-11,10,0,0.9877030145977032,0.006822515972571885,987703.0145977031
2026-03-31,2026-03-30,-0.014188675994991629,-0.011720412943956648,898820.3674251005,0.8988203674251005,0.0008759756867396907,798.6769571809295,1451.7791376226298,0.8055854765952446,0.0,10,0,0.994384902793403,0.006765078264362012,994384.902793403
2026-04-01,2026-03-31,-0.003748453511753791,-0.0009598142037721136,895451.1810623901,0.8954511810623901,0.0009896758094133026,889.5407746485985,1616.9450327674585,0.9003459140807965,-1.4551915228366852e-11,10,0,0.9999969007939723,0.005643687856487167,999996.9007939723
2026-04-02,2026-04-01,-0.009888948258278796,-0.007113905260206277,886596.1106650495,0.8865961106650495,0.0009848505389038387,881.8855782313738,1603.0299518914812,0.9015094826349717,-1.4551915228366852e-11,10,0,0.9993704184326606,-0.0006264843029155642,999370.4184326606
2026-04-03,2026-04-02,0.0032539392978925274,0.005763829975754531,889481.0405909012,0.8894810405909012,0.0008907491481749511,789.7347303501175,1435.5245828365814,0.804931277815939,0.0,10,0,0.9945896717630895,-0.004783758435704777,994589.6717630896
2026-04-07,2026-04-03,-0.03367681738745676,-0.03247377861828327,859526.1500173163,0.8595261500173164,0.000426953161073812,379.76674199550894,690.3134342801651,0.40106696384488466,0.0,10,0,0.9841885149623025,-0.010457736588345146,984188.5149623025
2026-04-08,2026-04-07,0.016984654854213632,0.01857882461995497,874124.9050135316,0.8741249050135316,0.0005657638292398007,486.28880596554023,883.9417952560866,0.504823932936795,0.0,10,0,1.0000119540803925,0.01607765065079625,1000011.9540803925
2026-04-09,2026-04-08,0.007912491145295242,0.011042146788032836,881041.4105843332,0.8810414105843333,0.0011107010048039274,970.8914103226672,1764.8185311100076,0.9984522625230415,-1.4551915228366852e-11,10,0,1.0100467404543347,0.010034666418733185,1010046.7404543348
2026-04-10,2026-04-09,0.051141677589531476,0.05375642673563985,926099.3463474633,0.9260993463474633,0.0009279629567655788,817.5737923987542,1486.1284836124762,0.8003681621985252,-1.4551915228366852e-11,10,0,1.0171919599511743,0.00707414737423484,1017191.9599511743
2026-04-13,2026-04-10,0.004343850429636031,0.006837161803264102,930122.1833909804,0.9301221833909804,0.0008848652261166508,819.4731075122306,1489.580925845483,0.798761810018433,-1.4551915228366852e-11,10,0,1.021660572299385,0.004393086579671079,1021660.572299385
2026-04-14,2026-04-13,0.013826545084820285,0.01697456437762246,942982.5596940273,0.9429825596940273,0.0011172181833395676,1039.1494160119032,1888.8931619658993,0.9984522625230416,0.0,10,0,1.0351622633590167,0.013215437128247354,1035162.2633590167
2026-04-15,2026-04-14,-0.005027678857218776,-0.0025515510633051797,938241.5462159276,0.9382415462159276,0.0008787668493513387,828.661812975581,1506.283512258567,0.8007235593303934,0.0,10,0,1.046344641450641,0.010802536459683543,1046344.641450641
2026-04-16,2026-04-15,-0.019326358860925485,-0.017185731926746883,920108.753395529,0.920108753395529,0.0007596990717556569,712.7812317428325,1295.643892852128,0.7025375532703697,-1.4551915228366852e-11,10,0,1.0392149179839398,-0.006813934132463784,1039214.9179839399
2026-04-17,2026-04-16,0.02589789297915912,0.029083394853420375,943937.631420154,0.943937631420154,0.0011305205864284957,1040.2018874667056,1890.8062709986843,0.9984522625230413,0.0,10,0,1.0468664149225884,0.007362766648396857,1046866.4149225884
2026-04-20,2026-04-17,-0.0033925741446896307,-0.0005989307065367155,940735.2530175984,0.9407352530175984,0.0009914517531733407,935.8686195578024,1701.1565504849132,0.9016358598925487,0.0,10,0,1.0464615257922567,-0.00038676293800254946,1046461.5257922567
2026-04-21,2026-04-20,0.0003825897795441957,0.0028751999520195692,941095.16871066,0.9410951687106599,0.0008846163729154644,832.1898073981396,1512.6964538794516,0.8016918753383386,0.0,10,0,1.0516303373308664,0.004939323053178235,1051630.3373308664
2026-04-22,2026-04-21,0.007602867823583992,0.010731562059071553,948250.1908877806,0.9482501908877806,0.0011103598056050326,1044.9542485854038,1899.4447808048585,0.9984522625230414,-1.4551915228366852e-11,10,0,1.0517994654312346,0.00016082466848321708,1051799.4654312346
2026-04-23,2026-04-22,0.009645232101767043,0.012159097450820555,957396.2840694381,0.9573962840694381,0.000892159741476787,845.9906451577563,1537.782651948629,0.8011120048524858,-1.4551915228366852e-11,10,0,1.066132850565583,0.013627488514145414,1066132.850565583
2026-04-24,2026-04-23,-0.012361972914012642,-0.009592543473296078,945560.9771377954,0.9455609771377954,0.0009828583121199524,940.9848957904023,1710.4565597440064,0.9019374383861986,-1.4551915228366852e-11,10,0,1.056327848181408,-0.009196792293730938,1056327.848181408
2026-04-27,2026-04-24,0.005775628612794792,0.0076684824377850624,951022.1861724947,0.9510221861724947,0.000671765486481637,635.1952298050232,1154.6134825315312,0.605897852215395,0.0,10,0,1.0573461587333632,0.0009640099460677121,1057346.1587333633
2026-04-28,2026-04-27,-0.004202144586117118,-0.0020296834334141423,947025.8534415927,0.9470258534415926,0.0007709968957141553,733.2351532942829,1332.823601524057,0.7021572855044586,0.0,10,0,1.0530829794704166,-0.004031961744726642,1053082.9794704167
2026-04-29,2026-04-28,-0.029136232099063464,-0.026726035955864424,919433.0883719048,0.9194330883719048,0.000855367996871419,810.0556072437811,1472.4624522306249,0.7987618100184328,0.0,10,0,1.0487660068457034,-0.0040993660602929305,1048766.0068457033
2026-04-30,2026-04-29,0.019667305748642505,0.02251596104128839,937515.8600363338,0.9375158600363338,0.0010109752180640257,929.524067012067,1689.6238664120706,0.8986070362707371,0.0,10,0,1.0672275344089348,0.017603094916049722,1067227.5344089349
2026-05-06,2026-04-30,-0.011194735499968966,-0.009030919776039092,927020.6179562011,0.927020617956201,0.0007679286711165611,719.9453085484016,1308.6662508319562,0.7043040396871089,0.0,10,0,1.0753478969452013,0.007608839047395621,1075347.8969452013
2026-05-07,2026-05-06,-0.001970438201111091,0.00022054880432831325,925193.9811173626,0.9251939811173626,0.0007775716392637095,720.8249415354602,1310.265186181097,0.7065518539213734,0.0,10,0,1.08379234788322,0.007852761847591205,1083792.34788322
2026-05-08,2026-05-07,-0.009101341245904448,-0.006324824384711714,916773.4749765566,0.9167734749765566,0.0009853736064343059,911.6617298249288,1657.1549586211218,0.9012720145942286,0.0,10,0,1.0783286690282616,-0.005041259855386282,1078328.6690282617
2026-05-11,2026-05-08,-0.003879265527000242,-0.0007862243107449318,913217.0672390119,0.9132170672390119,0.0010977067060930945,1006.348391450036,1829.2697526219918,0.9984522625230412,0.0,10,0,1.0852263947866043,0.0063966821586580735,1085226.3947866042
2026-05-12,2026-05-11,0.008374861684941282,0.010880948066037899,920865.1338654662,0.9208651338654662,0.000889399020006974,812.21436465602,1476.386490536857,0.7996428086724385,0.0,10,0,1.0991152652278382,0.0127981318072945,1099115.2652278382
2026-05-13,2026-05-12,-0.022238537248029933,-0.02009876289455592,900386.440285587,0.900386440285587,0.0007593964946183814,699.3017546737216,1271.1418417799966,0.7043454006309905,-1.4551915228366852e-11,10,0,1.0890222580549471,-0.009182846869840278,1089022.258054947
2026-05-14,2026-05-13,0.018601059065161296,0.02115197325736995,917134.5816428094,0.9171345816428095,0.0009053082127517676,815.1272390408708,1481.6813099559442,0.8057595845443799,0.0,10,0,1.112978235161555,0.021997692819790915,1112978.235161555
2026-05-15,2026-05-14,-0.015250507108185651,-0.01249210539266854,903147.814186303,0.903147814186303,0.0009789446210120363,897.8239654433526,1632.0016379200079,0.9009837309769221,0.0,10,0,1.0872948934382283,-0.023076229985394603,1087294.8934382282
2026-05-18,2026-05-15,-0.018859226236966564,-0.01641539267590053,886115.1452331416,0.8861151452331416,0.0008673057683353756,783.3053089032666,1423.8376300083921,0.8014195123587251,0.0,10,0,1.0706271420494518,-0.015329559155814687,1070627.1420494518
2026-05-19,2026-05-18,-0.009544465918385536,-0.006772637753786337,877657.6494296986,0.8776576494296986,0.0009837096086621506,871.6799827468984,1584.4789338882933,0.9001557064906793,-1.4551915228366852e-11,10,0,1.0667256844043083,-0.003644086248061229,1066725.6844043082
2026-05-20,2026-05-19,0.0012870626543306507,0.004091613265791549,878787.2498135673,0.8787872498135673,0.000995322660945643,873.5525470296659,1587.8827503314262,0.9009277274164774,0.0,10,0,1.0691404086435972,0.0022636787269609826,1069140.4086435973
2026-05-21,2026-05-20,0.02373563213708363,0.026597481290632885,899645.8207019016,0.8996458207019016,0.0010156576611936713,892.5470028324662,1622.4095441960064,0.8991798275377922,0.0,10,0,1.0816758115381668,0.011724748960216802,1081675.8115381668
2026-05-22,2026-05-21,-0.013463420274381188,-0.01040013868929357,887533.5109197013,0.8875335109197013,0.0010871451440511192,978.0455853419562,1777.8228903149877,0.998452262523041,-1.4551915228366852e-11,10,0,1.066756455092726,-0.013792816929339646,1066756.455092726
2026-05-25,2026-05-22,0.0247413960045606,0.027310429592151353,909492.3289806836,0.9094923289806836,0.0009117387063762355,809.198655111487,1470.9047445537399,0.806618347032995,0.0,10,0,1.0787884583796554,0.011279053648551418,1078788.4583796554
2026-05-26,2026-05-25,-0.005795873605006996,-0.003322928416060522,904221.0263971881,0.904221026397188,0.0008776373568645026,798.2044436951478,1450.9202356413987,0.8003132998468491,0.0,10,0,1.084747567455326,0.00552389027652489,1084747.567455326
2026-05-27,2026-05-26,-0.001135294752966809,0.0013684439170578155,903194.4690103971,0.9031944690103971,0.0008885658276867056,803.45990473234,1460.47324530788,0.8064827946945271,0.0,10,0,1.093786180463225,0.008332457503548385,1093786.1804632249
2026-05-28,2026-05-27,-0.025977072376753507,-0.024147028845425633,879732.1209186305,0.8797321209186305,0.0006494743898735397,586.6016766976834,1066.2835188460672,0.6048908884592458,-1.4551915228366852e-11,10,0,1.0823459041557253,-0.01045933520814335,1082345.9041557254
2026-05-29,2026-05-28,0.01991539502686157,0.02277828290175843,897252.3336245437,0.8972523336245437,0.0010160262988256781,893.8309707750201,1624.7434513603885,0.9028650720035175,0.0,10,0,1.0930262108708635,0.009867738838508666,1093026.2108708634
2026-06-01,2026-05-29,0.00839669338573712,0.01091274690177868,904786.2863596261,0.9047862863596261,0.0008929363123042729,801.1891899931032,1456.345698799549,0.8027978718796466,1.4551915228366852e-11,10,0,1.0842565646717963,-0.008023271639643448,1084256.5646717963
2026-06-02,2026-06-01,0.04197302983533402,0.04425273004909802,942762.9081515998,0.9427629081515998,0.0008090555662107068,732.02238121037,1330.6191092142735,0.7041612653883487,0.0,10,0,1.0760027149044802,-0.00761245081307349,1076002.7149044801
2026-06-03,2026-06-02,-0.018038167299353924,-0.01589855492994874,925757.1930907358,0.9257571930907358,0.0007593390071856225,715.876650687266,1301.270529010025,0.7012861169617903,0.0,10,0,1.089447292024459,0.012494928622157175,1089447.292024459
2026-06-04,2026-06-03,-0.009808218973764604,-0.007338157422374647,916677.1638243642,0.9166771638243641,0.0008766139665951711,811.5316851392816,1475.1455634371653,0.8026134965848769,-1.4551915228366852e-11,10,0,1.084127947621647,-0.004882608311345904,1084127.947621647
2026-06-05,2026-06-04,0.007714526587555337,0.01084356753318283,923748.894176892,0.923748894176892,0.0011104828515067628,1017.9542707948118,1850.3661087332096,0.9984522625230412,0.0,10,0,1.0818365275078885,-0.0021136067184555074,1081836.5275078884
2026-06-08,2026-06-05,-0.03690517002570748,-0.03449614913180632,889657.7841762345,0.8896577841762345,0.0008549509060713782,789.7599540589675,1435.5704327311341,0.8047974052264476,0.0,10,0,1.0412829738918457,-0.03748584244004194,1041282.9738918457
2026-06-09,2026-06-08,-0.0010606659712082411,0.0014477186459589397,888714.1544385382,0.8887141544385383,0.0008902146538671814,791.9863964006902,1439.6175039703637,0.8079153475372453,0.0,10,0,1.0500665665180375,0.00843535604290424,1050066.5665180376
2026-06-10,2026-06-09,0.0007764862089540969,0.0038839839378723706,889404.2287231621,0.889404228723162,0.0011028372587716967,980.1070819126038,1781.5701346627893,0.9984522625230411,-1.4551915228366852e-11,10,0,1.0522059041645802,0.0020373352649789567,1052205.9041645802
2026-06-11,2026-06-10,-0.004545381101903834,-0.0014544082322427432,885361.5475499704,0.8853615475499704,0.0010969726589958896,975.6521217046355,1773.4722194409903,0.9984522625230419,-1.4551915228366852e-11,10,0,1.0471048324148615,-0.004847978641375095,1047104.8324148615
2026-06-12,2026-06-11,-0.002036466704933848,0.0007515545299938697,883558.5382365562,0.8835585382365563,0.0009894564580083063,876.0267008955464,1592.38009426185,0.8986070362707369,0.0,10,0,1.059184652023361,0.011536399445928103,1059184.652023361
2026-06-15,2026-06-12,-0.013781495242970232,-0.011322772905390077,871381.7804449634,0.8713817804449634,0.0008725897295509998,770.9841059223133,1401.4410085992588,0.8021488533168791,0.0,10,0,1.0690686841612418,0.009331736556982051,1069068.6841612419
2026-06-16,2026-06-15,0.05632601073879284,0.05928468010304022,920463.2399678947,0.9204632399678947,0.0010500187275806847,914.9671883398121,1663.1633900263653,0.900914868551438,-1.4551915228366852e-11,10,0,1.08358846440097,0.013581709440043888,1083588.46440097
2026-06-17,2026-06-16,-0.025567574034419116,-0.023448178345339854,896929.2279340543,0.8969292279340544,0.0007521641963710202,692.339493179517,1258.4863295643254,0.7000301788345759,-1.4551915228366852e-11,10,0,1.0758010451408213,-0.007186694502560598,1075801.0451408213
2026-06-18,2026-06-17,-0.020216758539810087,-0.017749150530233737,878796.2263056133,0.8787962263056133,0.000875743215410677,785.4796860667848,1427.7900608065013,0.8103147963807739,1.4551915228366852e-11,10,0,1.08827379979926,0.011593923165231779,1088273.79979926
2026-06-22,2026-06-18,-0.00914500423644582,-0.0069879808781678765,870759.6310930758,0.8707596310930759,0.000765518090459823,672.7344090647715,1222.8495782430082,0.7006487540044363,0.0,10,0,1.0956459254516981,0.00677414604100357,1095645.9254516982
2026-06-23,2026-06-22,0.012579763015019285,0.01509352026932187,881713.5808952724,0.8817135808952724,0.0008921213791254284,776.823282977504,1412.0550564360333,0.7987618100184328,0.0,10,0,1.1174909005097309,0.019937987766464493,1117490.900509731
2026-06-24,2026-06-23,-0.019571474558900848,-0.01742967264494344,864457.1459785432,0.8644571459785432,0.0007601160669048207,670.20465924668,1218.2511758773712,0.7030976860314426,0.0,10,0,1.0848071164854296,-0.029247472180214618,1084807.1164854297
2026-06-25,2026-06-24,-0.01702514024998658,-0.014870228397087182,849739.6418281554,0.8497396418281554,0.0007647687264997992,661.1097906436615,1201.7191595488696,0.7055634528928758,0.0,10,0,1.096006540210206,0.010323884822087459,1096006.5402102058
2026-06-26,2026-06-25,-0.007020744363470888,-0.004846653984737159,843773.8370273726,0.8437738370273725,0.0007715751008575067,655.6379498461806,1191.7728298811219,0.7046729448743946,-1.4551915228366852e-11,10,0,1.10283586206408,0.006231095895252725,1102835.8620640798
2026-06-29,2026-06-26,-0.019656051850268197,-0.016910113734996735,827188.5747368628,0.8271885747368628,0.0009745213441738879,822.2756138386741,1494.675125923768,0.900943441615433,0.0,10,0,1.0772049854713648,-0.023240880600984504,1077204.9854713648
2026-06-30,2026-06-29,0.004176357457882363,0.0069817355251153845,830643.2099100401,0.8306432099100401,0.0009956163213552882,823.5624458466392,1497.0142391860077,0.8986070362707372,0.0,10,0,1.0879304520457638,0.009956755417081187,1087930.4520457638
2026-07-01,2026-06-30,0.00982270020636511,0.01295828721379877,838802.3691394393,0.8388023691394393,0.0011128060200132392,924.3447644710134,1680.2092923356063,0.9984522625230413,0.0,10,0,1.1008140728747304,0.011842320255619265,1100814.0728747305
2026-07-02,2026-07-01,0.019553747412754063,0.022402085456279863,855204.0987948115,0.8552040987948115,0.0010108626277487906,847.9139670302047,1541.278731989768,0.8986070362707376,1.4551915228366852e-11,10,0,1.0770119492102117,-0.02162229231168933,1077011.9492102116
2026-07-03,2026-07-02,-0.006152823026054133,-0.004279975108580136,849942.1793237709,0.8499421793237709,0.0006646654780089358,568.4246411206545,1033.2425743223912,0.606687828537353,0.0,10,0,1.0646877350692427,-0.011442968808290876,1064687.7350692428
2026-07-06,2026-07-03,0.029658291035016937,0.03254875707107874,875150.0118410918,0.8751500118410918,0.0010258136667707725,871.882303515259,1584.8466984368865,0.9029367168001333,-1.4551915228366852e-11,10,0,1.0777581937473075,0.012276330653151257,1077758.1937473076
2026-07-07,2026-07-06,-0.02461778743397125,-0.022479300854125972,853605.7548767504,0.8536057548767504,0.0007589394694288723,664.1858856573496,1207.3106700163444,0.7056357536070649,-1.4551915228366852e-11,10,0,1.0656555728373187,-0.011229439943210906,1065655.5728373188
2026-07-08,2026-07-07,-0.001254141649332574,0.0012300949858794485,852535.2123474495,0.8525352123474496,0.0008816446414172438,752.5769396700083,1367.9817486224156,0.8003115376876566,0.0,10,0,1.0635775551957525,-0.001949989935334795,1063577.5551957525
2026-07-09,2026-07-08,-0.01983028911910978,-0.017396990715201954,835629.192602378,0.835629192602378,0.000863566887456215,736.2211797737103,1338.2513917065958,0.7987618100184334,0.0,10,0,1.056918246929683,-0.006261234296960905,1056918.246929683
2026-07-10,2026-07-09,0.04157682181865896,0.044180143319262566,870371.9986496768,0.8703719986496768,0.0009239073357027665,772.043940972717,1403.3675026613214,0.8041783669447367,0.0,10,0,1.0819629308394465,0.023695951869993293,1081962.9308394466
2026-07-13,2026-07-10,-0.020117261843898726,-0.018276307725740404,852862.4972512438,0.8528624972512437,0.0006533465090900639,568.6545069275081,1033.6604083162701,0.6048583824625205,0.0,10,0,1.0505064324021105,-0.02907354544293894,1050506.4324021104
2026-07-14,2026-07-13,-0.04056779881945749,-0.038763695286265665,818263.7430420952,0.8182637430420953,0.0006402683987729885,546.0609054885862,992.5913391289689,0.6053845078007206,-1.4551915228366852e-11,10,0,1.0384823985021094,-0.011445940290443213,1038482.3985021095
2026-07-15,2026-07-14,0.017847893231086598,0.02038070578601192,832868.0269627798,0.8328680269627798,0.0008988840213982743,735.5242039100827,1336.984477706975,0.8006465254889,0.0,10,0,1.062129561865244,0.022770885088897908,1062129.561865244
2026-07-16,2026-07-15,-0.030182995105193067,-0.028070459972916684,807729.5753816904,0.8077295753816904,0.0007497294149751185,624.4256586062861,1135.037308902251,0.7010825688368792,0.0,10,0,1.0430005981467634,-0.01801000970624289,1043000.5981467634
2026-07-17,2026-07-16,-0.016354426767912877,-0.013907121131127465,794519.6211928332,0.7945196211928331,0.0008685379927174393,701.543824060523,1275.2173187692483,0.8005167048153211,0.0,10,0,1.0319519286580483,-0.01059315738490152,1031951.9286580483
2026-07-20,2026-07-17,-0.05173197448925837,-0.04937145335100368,753417.5524180703,0.7534175524180703,0.0008377385563823024,665.5997204754979,1209.8806401082538,0.8009345959787831,-1.4551915228366852e-11,10,0,1.0129247959947634,-0.018438002909716755,1012924.7959947634
2026-07-21,2026-07-20,-0.06613515378489798,-0.0643906067827763,703590.1667246597,0.7035901667246597,0.0006191320481794624,466.4649523629573,847.9073800538769,0.601434189364223,-1.4551915228366852e-11,10,0,1.025140537924763,0.012059870563246422,1025140.5379247629
2026-07-22,2026-07-21,0.04500083458338833,0.048245652747019196,735252.3114319347,0.7352523114319347,0.0011515716763008097,810.2345077238826,1472.787645016544,0.9984522625230414,0.0,10,0,1.04280756188561,0.017233758013912137,1042807.5618856101
2026-07-23,2026-07-22,-0.00808799421224582,-0.005316879193459023,729305.5949925329,0.7293055949925329,0.0009834565163539708,723.0886768420553,1314.3800459647111,0.8986070362707375,0.0,10,0,1.048233607524518,0.005203304844756396,1048233.607524518
2026-07-24,2026-07-23,-0.027035935724686655,-0.02430439071485102,709588.1358026604,0.7095881358026603,0.0009694132944410714,706.998539496017,1285.132519151253,0.9030130394283414,0.0,10,0,1.0372174796990936,-0.01050922976171298,1037217.4796990936
2026-07-27,2026-07-24,-0.010088176734781018,-0.007629686054707041,702429.6852797794,0.7024296852797793,0.0008725075153224269,619.120981271452,1125.394837290555,0.7990883758133038,-1.4551915228366852e-11,10,0,1.0307133531062678,-0.006270745258470489,1030713.3531062678
2026-07-28,2026-07-27,0.012070614247146061,0.014604294440491161,710908.4430465358,0.7109084430465358,0.0008991919424523574,631.6191131429229,1148.1130676678079,0.8054806488838108,-1.4551915228366852e-11,10,0,1.0235789808305251,-0.006921781166647101,1023578.9808305252
2026-07-29,2026-07-28,-0.04402814519368958,-0.04135743655327173,679608.4628966631,0.6796084628966631,0.0009478227348539927,673.8151847191615,1224.814136671039,0.898607036270737,0.0,10,0,1.0143468888177547,-0.009019423205896215,1014346.8888177547
2026-07-30,2026-07-29,-0.020626621282611057,-0.018497775367871783,665590.4365120362,0.6655904365120362,0.0007555180398396872,513.4564537461497,933.3252461138333,0.6996050749730568,7.275957614183426e-12,10,0,1.0107943132225854,-0.0035023280835513315,1010794.3132225854
2026-07-31,2026-07-30,0.03757864965742175,0.039866794454833876,690602.4263410524,0.6906024263410524,0.000812052511758096,540.4943857717666,982.4729087405676,0.7097506591832456,0.0,10,0,1.0235911562827769,0.01266018505722788,1023591.1562827769
2026-08-03,2026-07-31,-0.047597070109609896,-0.04551330108383289,657731.7742366306,0.6577317742366307,0.0007395204504625223,510.714617418246,928.3413277175182,0.7041735504752048,0.0,10,0,1.0098579102585048,-0.013416729853494513,1009857.9102585048
2026-08-04,2026-08-03,-0.008166675302859527,-0.005955643187149806,652360.2924000664,0.6523602924000664,0.0007846855606212637,516.112626005289,938.1534503547243,0.7174461307048173,0.0,10,0,1.0109926624083576,0.0011236750619325608,1010992.6624083576
2026-08-05,2026-08-04,0.03602405297223954,0.03859601132447432,675860.954130472,0.675860954130472,0.0009127766924678318,595.4592699942802,1082.3842327103193,0.798761810018433,0.0,10,0,1.007283798280649,-0.0036685371374243214,1007283.7982806491
2026-08-06,2026-08-05,0.04737373278573931,0.04997386703187123,707879.0103717638,0.7078790103717638,0.0009227761931271206,623.6683983357805,1133.6608141222225,0.7987618100184334,0.0,10,0,1.0231371225997203,0.01573868689850033,1023137.1225997204
2026-08-07,2026-08-06,0.04640513983385586,0.049654318487003524,740728.2348335171,0.7407282348335171,0.0011531191948269195,816.268874474765,1483.7564950364797,0.9984522625230411,0.0,10,0,1.0307290705082652,0.007420264342725025,1030729.0705082653
2026-08-10,2026-08-07,0.008938386616493599,0.011464150867822598,747349.150174212,0.747349150174212,0.0008963826094923238,663.9759080647109,1206.9289874279004,0.8054569410289538,-1.4551915228366852e-11,10,0,1.0401856335861843,0.009174635069966408,1040185.6335861844
2026-08-11,2026-08-10,-0.004912401157547763,-0.002735583235500938,743677.8713438038,0.7436778713438038,0.0007725430939674167,577.3594247495053,1049.4835993762695,0.7040634381780111,-1.1368683772161603e-13,10,0,1.0381120433818003,-0.0019934809109360963,1038112.0433818003
2026-08-12,2026-08-11,0.004803591805838225,0.007612409657524299,747250.1962727741,0.7472501962727741,0.0009968370857090473,741.3256819766652,1347.5299989577406,0.8991457174455761,0.0,10,0,1.0316960227889047,-0.006180470242879044,1031696.0227889047
2026-08-13,2026-08-12,0.02521322275512561,0.02839659866899935,766090.7819252108,0.7660907819252109,0.0011297660924496286,844.21793432531,1534.5603421267997,0.9984522625230416,0.0,10,0,1.0442055251759574,0.012125182331552242,1044205.5251759575
2026-08-14,2026-08-13,-0.017316196082222457,-0.014865664159022907,752825.0037286108,0.7528250037286108,0.000869682987557603,666.2561199650575,1211.0737972117784,0.802351962635021,0.0,10,0,1.0344651633746458,-0.009328012126415763,1034465.1633746458
2026-08-17,2026-08-14,0.008735746235046138,0.011257006359678634,759401.4919205816,0.7594014919205816,0.0008947841147635889,673.6158545332005,1224.4518081940644,0.8041852860550334,0.0,10,0,1.0343104244451202,-0.00014958350943472531,1034310.4244451203
2026-08-18,2026-08-17,0.013029816063303556,0.015868100677937536,769296.353678505,0.769296353678505,0.0010072947101094464,764.9411056608233,1390.4564651873413,0.9011947039692266,0.0,10,0,1.0479905412232036,0.01322631625357773,1047990.5412232035
2026-08-19,2026-08-18,-0.026907998311556103,-0.02507828660559208,748596.1286926375,0.7485961286926376,0.0006493566265132348,499.5476850136064,908.0428586675042,0.605358903814605,0.0,10,0,1.0316050389548062,-0.01563516236441642,1031605.0389548062
2026-08-20,2026-08-19,-0.04965758980671997,-0.04729512499162192,711422.64920312,0.71142264920312,0.0008384283587341886,627.6442235345355,1140.887791220384,0.7998470965893362,0.0,10,0,1.0212543549378985,-0.010033572565130822,1021254.3549378985
2026-08-21,2026-08-20,-0.00866682364083382,-0.0064973116260435,705256.8745683818,0.7052568745683818,0.0007699502596568311,547.7600534796929,995.679931560519,0.7043573064831425,0.0,10,0,1.015086270827218,-0.006039713887982079,1015086.270827218
2026-08-24,2026-08-21,0.006595361324797322,0.00879406718052711,709908.2984829575,0.7099082984829576,0.0007803110252385545,550.3197148509927,1000.3327050565227,0.7030150536352875,-1.4551915228366852e-11,10,0,1.0229480710320311,0.0077449576757711025,1022948.0710320311
2026-08-25,2026-08-24,-0.04293264072765346,-0.040850830722210296,679430.0605546089,0.679430060554609,0.0007388252027735235,524.4981425772781,953.3960561516592,0.700091730090807,0.0,10,0,1.0055249988599348,-0.017032215676909712,1005524.9988599349
2026-08-26,2026-08-25,0.015918720812387877,0.018444279160947596,690245.7180001215,0.6902457180001216,0.000896309535506258,608.9796419846903,1106.9606197114601,0.7998713559449001,-1.4551915228366852e-11,10,0,1.0071162197832946,0.0015824777356743258,1007116.2197832946
2026-08-27,2026-08-26,0.009682768385958829,0.012195822899139896,696929.2074169165,0.6969292074169166,0.0008918719793964305,615.6108147826787,1119.014302041397,0.8008245524770374,-1.4551915228366852e-11,10,0,1.0170883579211059,0.00990167563775013,1017088.3579211058
2026-08-28,2026-08-27,0.028610491890288747,0.028610491890288747,716868.6948538235,0.7168686948538235,0.0,0.0,0.0,0.0,-1.4551915228366852e-11,10,0,1.0218168608319242,0.004649058141303675,1021816.8608319242
