ts_code,date,open,high,low,close,pre_close,change,pct_chg,volume,amount
601868.SH,2021-09-28,2.29,2.75,2.18,2.75,1.96,0.79,40.3061,22866995.34,5873108.928
601868.SH,2021-09-29,2.84,3.03,2.79,3.03,2.75,0.28,10.1818,11243952.31,3298974.07
601868.SH,2021-09-30,3.15,3.33,2.83,3.02,3.03,-0.01,-0.33,34565135.13,10793990.021
601868.SH,2021-10-08,2.99,3.04,2.72,2.75,3.02,-0.27,-8.9404,18858247.67,5267383.928
601868.SH,2021-10-11,2.65,2.68,2.48,2.48,2.75,-0.27,-9.8182,15460797.53,3921187.557
601868.SH,2021-10-12,2.46,2.65,2.37,2.61,2.48,0.13,5.2419,15567108.63,3935621.258
601868.SH,2021-10-13,2.51,2.57,2.45,2.5,2.61,-0.11,-4.2146,9292420.05,2330094.961
601868.SH,2021-10-14,2.46,2.59,2.42,2.51,2.5,0.01,0.4,7897974.87,1972494.296
601868.SH,2021-10-15,2.47,2.51,2.44,2.46,2.51,-0.05,-1.992,5617220.46,1384971.48
601868.SH,2021-10-18,2.45,2.54,2.42,2.49,2.46,0.03,1.2195,5920964.1,1471871.532
601868.SH,2021-10-19,2.46,2.49,2.42,2.44,2.49,-0.05,-2.008,6493953.55,1589917.168
601868.SH,2021-10-20,2.42,2.43,2.33,2.37,2.44,-0.07,-2.8689,7998374.16,1897691.434
601868.SH,2021-10-21,2.36,2.41,2.33,2.36,2.37,-0.01,-0.4219,6287374.16,1489627.679
601868.SH,2021-10-22,2.34,2.35,2.25,2.25,2.36,-0.11,-4.661,7562922.05,1732798.971
601868.SH,2021-10-25,2.25,2.36,2.2,2.31,2.25,0.06,2.6667,6996958.49,1614073.721
601868.SH,2021-10-26,2.28,2.44,2.27,2.4,2.31,0.09,3.8961,9824781.16,2326155.248
601868.SH,2021-10-27,2.36,2.39,2.33,2.35,2.4,-0.05,-2.0833,5389218.18,1271384.954
601868.SH,2021-10-28,2.36,2.47,2.35,2.46,2.35,0.11,4.6809,9282766.64,2258369.944
601868.SH,2021-10-29,2.4,2.43,2.31,2.38,2.46,-0.08,-3.252,8070481.67,1907130.579
601868.SH,2021-11-01,2.36,2.4,2.32,2.37,2.38,-0.01,-0.4202,4932665.53,1159969.035
601868.SH,2021-11-02,2.35,2.36,2.27,2.29,2.37,-0.08,-3.3755,5792775.87,1337431.486
601868.SH,2021-11-03,2.28,2.34,2.27,2.29,2.29,0.0,0.0,2977485.91,683993.694
601868.SH,2021-11-04,2.29,2.32,2.27,2.28,2.29,-0.01,-0.4367,3406113.1,780430.548
601868.SH,2021-11-05,2.27,2.27,2.22,2.23,2.28,-0.05,-2.193,5263090.69,1177315.422
601868.SH,2021-11-08,2.24,2.24,2.2,2.21,2.23,-0.02,-0.8969,2910463.61,645230.302
601868.SH,2021-11-09,2.22,2.28,2.2,2.23,2.21,0.02,0.905,4341377.61,968301.105
601868.SH,2021-11-10,2.21,2.23,2.18,2.22,2.23,-0.01,-0.4484,3619622.41,796128.624
601868.SH,2021-11-11,2.21,2.24,2.2,2.23,2.22,0.01,0.4505,2572308.26,571501.05
601868.SH,2021-11-12,2.22,2.23,2.19,2.21,2.23,-0.02,-0.8969,2745877.97,606134.389
601868.SH,2021-11-15,2.2,2.21,2.18,2.19,2.21,-0.02,-0.905,2832040.55,620448.08
601868.SH,2021-11-16,2.18,2.19,2.13,2.14,2.19,-0.05,-2.2831,4481227.46,966041.267
601868.SH,2021-11-17,2.13,2.17,2.08,2.14,2.14,0.0,0.0,4135340.51,879477.643
601868.SH,2021-11-18,2.13,2.16,2.12,2.14,2.14,0.0,0.0,2700648.68,577944.585
601868.SH,2021-11-19,2.13,2.14,2.11,2.14,2.14,0.0,0.0,2435862.51,516979.087
601868.SH,2021-11-22,2.13,2.14,2.11,2.12,2.14,-0.02,-0.9346,2232837.03,474030.961
601868.SH,2021-11-23,2.12,2.14,2.1,2.12,2.12,0.0,0.0,2719595.34,576531.35
601868.SH,2021-11-24,2.11,2.12,2.1,2.11,2.12,-0.01,-0.4717,2055745.13,433730.838
601868.SH,2021-11-25,2.11,2.19,2.1,2.17,2.11,0.06,2.8436,4591368.42,990494.724
601868.SH,2021-11-26,2.15,2.16,2.12,2.13,2.17,-0.04,-1.8433,2510360.06,536413.479
601868.SH,2021-11-29,2.15,2.34,2.15,2.34,2.13,0.21,9.8592,7348256.41,1658077.779
601868.SH,2021-11-30,2.5,2.57,2.4,2.45,2.34,0.11,4.7009,20216188.47,5005443.005
601868.SH,2021-12-01,2.38,2.46,2.32,2.4,2.45,-0.05,-2.0408,10616198.61,2532039.808
601868.SH,2021-12-02,2.37,2.57,2.36,2.52,2.4,0.12,5.0,12408414.67,3105073.896
601868.SH,2021-12-03,2.51,2.77,2.47,2.77,2.52,0.25,9.9206,17565394.77,4686771.842
601868.SH,2021-12-06,2.84,2.95,2.74,2.78,2.77,0.01,0.361,22281827.72,6312701.967
601868.SH,2021-12-07,2.75,2.89,2.68,2.82,2.78,0.04,1.4388,13139016.67,3678356.505
601868.SH,2021-12-08,2.81,2.82,2.71,2.75,2.82,-0.07,-2.4823,10584714.03,2907285.8
601868.SH,2021-12-09,2.73,2.75,2.64,2.66,2.75,-0.09,-3.2727,11789835.24,3156718.249
601868.SH,2021-12-10,2.63,2.71,2.61,2.63,2.66,-0.03,-1.1278,9046640.45,2394863.391
601868.SH,2021-12-13,2.71,2.83,2.68,2.69,2.63,0.06,2.2814,13910812.98,3813362.189
601868.SH,2021-12-14,2.68,2.71,2.61,2.64,2.69,-0.05,-1.8587,7646990.48,2024144.757
601868.SH,2021-12-15,2.63,2.79,2.61,2.71,2.64,0.07,2.6515,10697236.81,2901495.067
601868.SH,2021-12-16,2.72,2.81,2.7,2.77,2.71,0.06,2.214,9779931.22,2691591.109
601868.SH,2021-12-17,2.76,2.79,2.71,2.72,2.77,-0.05,-1.8051,7406662.66,2028224.143
601868.SH,2021-12-20,2.71,2.99,2.67,2.99,2.72,0.27,9.9265,22559401.36,6505950.004
601868.SH,2021-12-21,2.95,3.04,2.88,2.94,2.99,-0.05,-1.6722,15325167.69,4507817.698
601868.SH,2021-12-22,2.98,2.99,2.8,2.8,2.94,-0.14,-4.7619,13545382.48,3881555.556
601868.SH,2021-12-23,2.77,2.89,2.74,2.84,2.8,0.04,1.4286,8256310.86,2334573.552
601868.SH,2021-12-24,2.83,2.92,2.79,2.87,2.84,0.03,1.0563,8256123.06,2365491.062
601868.SH,2021-12-27,2.85,2.92,2.82,2.84,2.87,-0.03,-1.0453,6597811.74,1891138.91
601868.SH,2021-12-28,2.82,2.83,2.7,2.73,2.84,-0.11,-3.8732,8146464.54,2235245.108
601868.SH,2021-12-29,2.72,2.76,2.7,2.72,2.73,-0.01,-0.3663,3754503.03,1021644.413
601868.SH,2021-12-30,2.7,2.74,2.67,2.7,2.72,-0.02,-0.7353,3961365.12,1071054.697
601868.SH,2021-12-31,2.73,2.77,2.72,2.73,2.7,0.03,1.1111,3933513.86,1077988.413
601868.SH,2022-01-04,2.74,2.79,2.72,2.73,2.73,0.0,0.0,4526605.72,1244138.357
601868.SH,2022-01-05,2.71,2.73,2.66,2.67,2.73,-0.06,-2.1978,4872472.67,1305373.084
601868.SH,2022-01-06,2.65,2.88,2.65,2.83,2.67,0.16,5.9925,9838762.61,2736302.123
601868.SH,2022-01-07,2.82,2.94,2.8,2.84,2.83,0.01,0.3534,10147831.21,2922682.225
601868.SH,2022-01-10,2.83,2.87,2.76,2.83,2.84,-0.01,-0.3521,5632699.79,1585700.203
601868.SH,2022-01-11,2.81,2.86,2.76,2.78,2.83,-0.05,-1.7668,5139044.13,1442712.957
601868.SH,2022-01-12,2.78,2.8,2.73,2.76,2.78,-0.02,-0.7194,3536818.56,973013.872
601868.SH,2022-01-13,2.75,2.76,2.7,2.71,2.76,-0.05,-1.8116,3317159.51,902864.178
601868.SH,2022-01-14,2.7,2.71,2.67,2.68,2.71,-0.03,-1.107,3178141.54,854545.874
601868.SH,2022-01-17,2.67,2.72,2.66,2.69,2.68,0.01,0.3731,2665589.44,716550.543
601868.SH,2022-01-18,2.72,2.88,2.71,2.81,2.69,0.12,4.461,9254460.69,2593437.67
601868.SH,2022-01-19,2.78,2.81,2.73,2.76,2.81,-0.05,-1.7794,5049142.57,1395241.542
601868.SH,2022-01-20,2.76,2.86,2.73,2.81,2.76,0.05,1.8116,7329176.73,2055091.484
601868.SH,2022-01-21,2.78,2.81,2.68,2.71,2.81,-0.1,-3.5587,5589935.78,1533219.262
601868.SH,2022-01-24,2.68,2.76,2.67,2.71,2.71,0.0,0.0,3498073.29,950711.048
601868.SH,2022-01-25,2.69,2.71,2.63,2.63,2.71,-0.08,-2.952,4525995.63,1206177.128
601868.SH,2022-01-26,2.64,2.68,2.63,2.66,2.63,0.03,1.1407,2698215.7,717272.005
601868.SH,2022-01-27,2.64,2.7,2.62,2.65,2.66,-0.01,-0.3759,3240673.09,861789.254
601868.SH,2022-01-28,2.67,2.68,2.57,2.64,2.65,-0.01,-0.3774,3049098.28,797919.393
601868.SH,2022-02-07,2.67,2.8,2.67,2.8,2.64,0.16,6.0606,7233901.42,1986908.0
601868.SH,2022-02-08,2.8,2.81,2.73,2.81,2.8,0.01,0.3571,6143808.48,1704183.647
601868.SH,2022-02-09,2.8,2.84,2.78,2.81,2.81,0.0,0.0,4430034.33,1241221.167
601868.SH,2022-02-10,2.82,3.01,2.8,2.93,2.81,0.12,4.2705,12057007.03,3520962.106
601868.SH,2022-02-11,2.88,2.93,2.82,2.84,2.93,-0.09,-3.0717,7377263.04,2119102.752
601868.SH,2022-02-14,2.81,2.83,2.75,2.77,2.84,-0.07,-2.4648,5143349.26,1434045.33
601868.SH,2022-02-15,2.76,2.79,2.75,2.77,2.77,0.0,0.0,3371283.99,933511.486
601868.SH,2022-02-16,2.8,2.84,2.78,2.82,2.77,0.05,1.8051,4178466.71,1171421.623
601868.SH,2022-02-17,2.82,2.82,2.76,2.77,2.82,-0.05,-1.773,3766047.51,1045979.803
601868.SH,2022-02-18,2.75,2.8,2.72,2.8,2.77,0.03,1.083,3733165.03,1031949.512
601868.SH,2022-02-21,2.79,2.79,2.75,2.78,2.8,-0.02,-0.7143,3181101.23,880512.339
601868.SH,2022-02-22,2.75,2.76,2.71,2.72,2.78,-0.06,-2.1583,3884513.05,1060160.57
601868.SH,2022-02-23,2.72,2.76,2.72,2.76,2.72,0.04,1.4706,2674147.68,733089.238
601868.SH,2022-02-24,2.74,2.76,2.64,2.69,2.76,-0.07,-2.5362,5511677.24,1484942.993
601868.SH,2022-02-25,2.69,2.72,2.67,2.7,2.69,0.01,0.3717,3036611.9,819810.454
601868.SH,2022-02-28,2.69,2.7,2.66,2.7,2.7,0.0,0.0,4003581.39,1074075.486
601868.SH,2022-03-01,2.7,2.73,2.69,2.72,2.7,0.02,0.7407,2329438.75,632265.663
601868.SH,2022-03-02,2.7,2.72,2.69,2.7,2.72,-0.02,-0.7353,1881055.67,507663.857
601868.SH,2022-03-03,2.7,2.74,2.7,2.72,2.7,0.02,0.7407,2588952.76,703100.966
601868.SH,2022-03-04,2.7,2.71,2.67,2.68,2.72,-0.04,-1.4706,2347363.59,629408.19
601868.SH,2022-03-07,2.67,2.72,2.66,2.67,2.68,-0.01,-0.3731,2884761.28,775037.219
601868.SH,2022-03-08,2.67,2.68,2.6,2.61,2.67,-0.06,-2.2472,3711183.54,977048.955
601868.SH,2022-03-09,2.62,2.64,2.35,2.57,2.61,-0.04,-1.5326,4687985.4,1193013.479
601868.SH,2022-03-10,2.6,2.63,2.57,2.59,2.57,0.02,0.7782,2753898.59,713648.374
601868.SH,2022-03-11,2.56,2.56,2.46,2.55,2.59,-0.04,-1.5444,3567885.58,896064.325
601868.SH,2022-03-14,2.51,2.53,2.47,2.47,2.55,-0.08,-3.1373,2366978.48,591780.834
601868.SH,2022-03-15,2.45,2.45,2.31,2.32,2.47,-0.15,-6.0729,4682481.33,1112855.057
601868.SH,2022-03-16,2.36,2.42,2.29,2.4,2.32,0.08,3.4483,4493286.1,1056475.526
601868.SH,2022-03-17,2.42,2.45,2.4,2.41,2.4,0.01,0.4167,3723031.18,902103.887
601868.SH,2022-03-18,2.39,2.48,2.38,2.48,2.41,0.07,2.9046,3742596.84,914648.309
601868.SH,2022-03-21,2.48,2.48,2.43,2.45,2.48,-0.03,-1.2097,2601478.05,638926.62
601868.SH,2022-03-22,2.43,2.47,2.43,2.44,2.45,-0.01,-0.4082,1688207.75,413027.081
601868.SH,2022-03-23,2.47,2.53,2.46,2.48,2.44,0.04,1.6393,3456027.45,859557.925
601868.SH,2022-03-24,2.46,2.46,2.42,2.42,2.48,-0.06,-2.4194,2529801.92,615603.972
601868.SH,2022-03-25,2.43,2.43,2.38,2.39,2.42,-0.03,-1.2397,1990976.78,477937.057
601868.SH,2022-03-28,2.37,2.41,2.34,2.4,2.39,0.01,0.4184,1934379.45,459996.837
601868.SH,2022-03-29,2.4,2.42,2.37,2.38,2.4,-0.02,-0.8333,1325382.07,316623.092
601868.SH,2022-03-30,2.4,2.44,2.39,2.43,2.38,0.05,2.1008,2260951.84,545982.127
601868.SH,2022-03-31,2.43,2.52,2.42,2.44,2.43,0.01,0.4115,2992484.59,736555.746
601868.SH,2022-04-01,2.41,2.49,2.4,2.47,2.44,0.03,1.2295,2478999.37,605927.99
601868.SH,2022-04-06,2.46,2.52,2.44,2.51,2.47,0.04,1.6194,3361500.63,835066.032
601868.SH,2022-04-07,2.49,2.52,2.45,2.45,2.51,-0.06,-2.3904,2992143.49,743755.366
601868.SH,2022-04-08,2.46,2.55,2.46,2.55,2.45,0.1,4.0816,5659763.81,1427920.649
601868.SH,2022-04-11,2.56,2.56,2.48,2.49,2.55,-0.06,-2.3529,4150075.9,1044394.399
601868.SH,2022-04-12,2.46,2.49,2.42,2.49,2.49,0.0,0.0,2956806.45,727225.278
601868.SH,2022-04-13,2.47,2.48,2.44,2.44,2.49,-0.05,-2.008,1989779.46,488635.607
601868.SH,2022-04-14,2.45,2.48,2.44,2.46,2.44,0.02,0.8197,1959223.98,481339.753
601868.SH,2022-04-15,2.44,2.47,2.43,2.44,2.46,-0.02,-0.813,2002752.37,489485.463
601868.SH,2022-04-18,2.42,2.42,2.38,2.4,2.44,-0.04,-1.6393,2256626.37,540539.883
601868.SH,2022-04-19,2.38,2.43,2.38,2.42,2.4,0.02,0.8333,1659309.74,400231.345
601868.SH,2022-04-20,2.42,2.44,2.37,2.38,2.42,-0.04,-1.6529,1667061.02,399722.614
601868.SH,2022-04-21,2.38,2.39,2.33,2.34,2.38,-0.04,-1.6807,1931967.74,454898.416
601868.SH,2022-04-22,2.32,2.37,2.31,2.35,2.34,0.01,0.4274,1875406.77,439634.173
601868.SH,2022-04-25,2.33,2.34,2.25,2.26,2.35,-0.09,-3.8298,2880581.41,662842.829
601868.SH,2022-04-26,2.25,2.31,2.23,2.27,2.26,0.01,0.4425,2649698.36,600455.734
601868.SH,2022-04-27,2.27,2.37,2.27,2.37,2.27,0.1,4.4053,4176277.71,973814.236
601868.SH,2022-04-28,2.35,2.39,2.32,2.39,2.37,0.02,0.8439,3269735.6,769889.817
601868.SH,2022-04-29,2.39,2.43,2.37,2.42,2.39,0.03,1.2552,3386091.98,812283.111
601868.SH,2022-05-05,2.42,2.45,2.39,2.4,2.42,-0.02,-0.8264,2523142.59,606833.976
601868.SH,2022-05-06,2.36,2.36,2.32,2.33,2.4,-0.07,-2.9167,2204641.66,515720.986
601868.SH,2022-05-09,2.32,2.36,2.31,2.33,2.33,0.0,0.0,1479472.2,345849.572
601868.SH,2022-05-10,2.31,2.38,2.3,2.38,2.33,0.05,2.1459,2536956.98,595487.924
601868.SH,2022-05-11,2.36,2.39,2.35,2.35,2.38,-0.03,-1.2605,2417082.96,573191.041
601868.SH,2022-05-12,2.35,2.38,2.33,2.35,2.35,0.0,0.0,1849729.48,435744.872
601868.SH,2022-05-13,2.35,2.36,2.33,2.35,2.35,0.0,0.0,1481167.61,347290.992
601868.SH,2022-05-16,2.36,2.37,2.33,2.34,2.35,-0.01,-0.4255,1241402.0,290518.094
601868.SH,2022-05-17,2.33,2.34,2.31,2.32,2.34,-0.02,-0.8547,1399936.69,324689.642
601868.SH,2022-05-18,2.32,2.33,2.31,2.31,2.32,-0.01,-0.431,1275787.69,295664.192
601868.SH,2022-05-19,2.29,2.36,2.28,2.36,2.31,0.05,2.1645,2665717.42,620123.719
601868.SH,2022-05-20,2.35,2.36,2.34,2.36,2.36,0.0,0.0,1959083.47,460643.72
601868.SH,2022-05-23,2.36,2.36,2.33,2.34,2.36,-0.02,-0.8475,1336601.8,312535.224
601868.SH,2022-05-24,2.34,2.35,2.29,2.29,2.34,-0.05,-2.1368,2025174.66,468013.652
601868.SH,2022-05-25,2.28,2.34,2.28,2.34,2.29,0.05,2.1834,2322204.33,536261.624
601868.SH,2022-05-26,2.34,2.38,2.33,2.34,2.34,0.0,0.0,2680547.83,630405.086
601868.SH,2022-05-27,2.34,2.35,2.32,2.34,2.34,0.0,0.0,1801458.26,420900.131
601868.SH,2022-05-30,2.34,2.35,2.32,2.33,2.34,-0.01,-0.4274,1538660.6,358306.592
601868.SH,2022-05-31,2.33,2.34,2.3,2.33,2.33,0.0,0.0,1914615.9,443244.279
601868.SH,2022-06-01,2.32,2.33,2.3,2.31,2.33,-0.02,-0.8584,1459206.42,337298.708
601868.SH,2022-06-02,2.32,2.33,2.31,2.32,2.31,0.01,0.4329,1716392.47,397546.047
601868.SH,2022-06-06,2.31,2.34,2.3,2.34,2.32,0.02,0.8621,2032883.26,471567.829
601868.SH,2022-06-07,2.33,2.34,2.32,2.33,2.34,-0.01,-0.4274,1547027.29,360053.672
601868.SH,2022-06-08,2.34,2.4,2.33,2.37,2.33,0.04,1.7167,3788983.58,896725.086
601868.SH,2022-06-09,2.36,2.52,2.35,2.45,2.37,0.08,3.3755,6750238.25,1657060.268
601868.SH,2022-06-10,2.42,2.43,2.38,2.43,2.45,-0.02,-0.8163,3831157.96,920087.633
601868.SH,2022-06-13,2.4,2.41,2.37,2.38,2.43,-0.05,-2.0576,2487125.98,592954.819
601868.SH,2022-06-14,2.36,2.4,2.35,2.39,2.38,0.01,0.4202,2287999.99,542815.516
601868.SH,2022-06-15,2.39,2.45,2.38,2.41,2.39,0.02,0.8368,3815051.92,924304.665
601868.SH,2022-06-16,2.41,2.42,2.37,2.38,2.41,-0.03,-1.2448,2437631.68,582083.152
601868.SH,2022-06-17,2.36,2.39,2.35,2.38,2.38,0.0,0.0,1812609.64,429498.886
601868.SH,2022-06-20,2.38,2.41,2.36,2.38,2.38,0.0,0.0,2010004.33,478821.299
601868.SH,2022-06-21,2.38,2.41,2.37,2.39,2.38,0.01,0.4202,2151073.31,513361.056
601868.SH,2022-06-22,2.39,2.39,2.36,2.36,2.39,-0.03,-1.2552,1619052.27,383626.331
601868.SH,2022-06-23,2.36,2.37,2.34,2.37,2.36,0.01,0.4237,1688474.46,397700.507
601868.SH,2022-06-24,2.37,2.37,2.35,2.37,2.37,0.0,0.0,1504422.89,354814.307
601868.SH,2022-06-27,2.37,2.39,2.36,2.37,2.37,0.0,0.0,1850961.59,439928.665
601868.SH,2022-06-28,2.38,2.39,2.36,2.38,2.37,0.01,0.4219,2026160.46,480352.27
601868.SH,2022-06-29,2.38,2.44,2.37,2.39,2.38,0.01,0.4202,3013540.95,723964.605
601868.SH,2022-06-30,2.38,2.4,2.36,2.37,2.39,-0.02,-0.8368,2262105.72,537113.172
601868.SH,2022-07-01,2.37,2.4,2.36,2.38,2.37,0.01,0.4219,2146505.14,510580.804
601868.SH,2022-07-04,2.37,2.38,2.36,2.37,2.38,-0.01,-0.4202,1435198.39,339953.506
601868.SH,2022-07-05,2.37,2.4,2.36,2.38,2.37,0.01,0.4219,2568829.69,611150.46
601868.SH,2022-07-06,2.37,2.38,2.33,2.34,2.38,-0.04,-1.6807,2470407.4,581249.977
601868.SH,2022-07-07,2.34,2.35,2.33,2.34,2.34,0.0,0.0,1309867.18,306562.018
601868.SH,2022-07-08,2.35,2.36,2.34,2.34,2.34,0.0,0.0,1108149.29,260291.87
601868.SH,2022-07-11,2.35,2.35,2.33,2.34,2.34,0.0,0.0,1375921.6,322148.941
601868.SH,2022-07-12,2.34,2.4,2.33,2.39,2.34,0.05,2.1368,3875643.46,921522.659
601868.SH,2022-07-13,2.4,2.43,2.39,2.42,2.39,0.03,1.2552,3449030.77,830149.34
601868.SH,2022-07-14,2.41,2.42,2.38,2.39,2.42,-0.03,-1.2397,1890032.12,452081.202
601868.SH,2022-07-15,2.39,2.39,2.33,2.33,2.39,-0.06,-2.5105,2179862.8,513497.288
601868.SH,2022-07-18,2.33,2.37,2.33,2.36,2.33,0.03,1.2876,1944408.48,457572.718
601868.SH,2022-07-19,2.37,2.37,2.34,2.35,2.36,-0.01,-0.4237,1616702.1,380106.275
601868.SH,2022-07-20,2.36,2.36,2.34,2.35,2.35,0.0,0.0,1107900.43,259836.342
601868.SH,2022-07-21,2.35,2.35,2.32,2.33,2.35,-0.02,-0.8511,1755994.36,409663.76
601868.SH,2022-07-22,2.33,2.34,2.32,2.33,2.33,0.0,0.0,1213403.32,282493.207
601868.SH,2022-07-25,2.33,2.34,2.3,2.3,2.33,-0.03,-1.2876,1452477.44,335853.745
601868.SH,2022-07-26,2.3,2.32,2.3,2.31,2.3,0.01,0.4348,1006874.94,232488.685
601868.SH,2022-07-27,2.32,2.32,2.3,2.3,2.31,-0.01,-0.4329,836479.55,192732.18
601868.SH,2022-07-28,2.31,2.32,2.3,2.31,2.3,0.01,0.4348,1245378.68,287761.046
601868.SH,2022-07-29,2.31,2.32,2.28,2.29,2.31,-0.02,-0.8658,2016994.9,463417.097
601868.SH,2022-08-01,2.3,2.31,2.28,2.29,2.29,0.0,0.0,1543377.8,353761.57
601868.SH,2022-08-02,2.28,2.29,2.2,2.23,2.29,-0.06,-2.6201,2740131.56,612495.372
601868.SH,2022-08-03,2.22,2.24,2.21,2.21,2.23,-0.02,-0.8969,1442932.99,320499.853
601868.SH,2022-08-04,2.21,2.23,2.21,2.22,2.21,0.01,0.4525,881882.81,195703.304
601868.SH,2022-08-05,2.22,2.24,2.21,2.24,2.22,0.02,0.9009,1124008.93,250063.015
601868.SH,2022-08-08,2.23,2.24,2.22,2.22,2.24,-0.02,-0.8929,1256676.02,279633.788
601868.SH,2022-08-09,2.22,2.24,2.22,2.23,2.22,0.01,0.4505,1048823.28,233970.583
601868.SH,2022-08-10,2.23,2.23,2.21,2.22,2.23,-0.01,-0.4484,870398.53,192974.169
601868.SH,2022-08-11,2.22,2.27,2.22,2.25,2.22,0.03,1.3514,1804677.35,405829.41
601868.SH,2022-08-12,2.25,2.26,2.24,2.25,2.25,0.0,0.0,1002672.5,225670.043
601868.SH,2022-08-15,2.25,2.27,2.24,2.26,2.25,0.01,0.4444,1244819.56,280762.922
601868.SH,2022-08-16,2.27,2.28,2.25,2.25,2.26,-0.01,-0.4425,1059246.35,239452.788
601868.SH,2022-08-17,2.25,2.27,2.25,2.27,2.25,0.02,0.8889,1178406.51,266397.677
601868.SH,2022-08-18,2.27,2.27,2.24,2.24,2.27,-0.03,-1.3216,1076257.45,241875.618
601868.SH,2022-08-19,2.24,2.32,2.24,2.28,2.24,0.04,1.7857,2571537.26,584070.777
601868.SH,2022-08-22,2.27,2.32,2.27,2.3,2.28,0.02,0.8772,2341683.0,538909.242
601868.SH,2022-08-23,2.29,2.29,2.27,2.28,2.3,-0.02,-0.8696,1169114.22,266390.891
601868.SH,2022-08-24,2.27,2.28,2.23,2.24,2.28,-0.04,-1.7544,1674815.22,377404.79
601868.SH,2022-08-25,2.25,2.27,2.24,2.27,2.24,0.03,1.3393,1588593.31,358524.778
601868.SH,2022-08-26,2.26,2.26,2.24,2.24,2.25,-0.01,-0.4444,1030701.62,231717.786
601868.SH,2022-08-29,2.22,2.25,2.21,2.25,2.24,0.01,0.4464,1022563.82,228352.39
601868.SH,2022-08-30,2.24,2.25,2.22,2.23,2.25,-0.02,-0.8889,826161.77,184679.008
601868.SH,2022-08-31,2.23,2.26,2.22,2.26,2.23,0.03,1.3453,1785557.5,400093.53
601868.SH,2022-09-01,2.25,2.26,2.23,2.23,2.26,-0.03,-1.3274,1256485.52,281821.118
601868.SH,2022-09-02,2.23,2.24,2.21,2.22,2.23,-0.01,-0.4484,1150114.79,255430.722
601868.SH,2022-09-05,2.22,2.24,2.21,2.23,2.22,0.01,0.4505,1108982.0,247208.334
601868.SH,2022-09-06,2.24,2.37,2.24,2.36,2.23,0.13,5.8296,7030890.18,1623380.608
601868.SH,2022-09-07,2.41,2.6,2.41,2.6,2.36,0.24,10.1695,10485463.77,2636336.341
601868.SH,2022-09-08,2.6,2.6,2.46,2.49,2.6,-0.11,-4.2308,11643152.52,2912469.959
601868.SH,2022-09-09,2.48,2.59,2.45,2.54,2.49,0.05,2.008,8572740.07,2167239.33
601868.SH,2022-09-13,2.53,2.68,2.53,2.55,2.54,0.01,0.3937,7656487.41,1989220.041
601868.SH,2022-09-14,2.51,2.54,2.46,2.48,2.55,-0.07,-2.7451,4133373.63,1030653.486
601868.SH,2022-09-15,2.49,2.53,2.43,2.45,2.48,-0.03,-1.2097,3842409.34,950367.216
601868.SH,2022-09-16,2.45,2.49,2.37,2.4,2.45,-0.05,-2.0408,4082614.22,989372.86
601868.SH,2022-09-19,2.38,2.45,2.35,2.43,2.4,0.03,1.25,3245627.53,780114.57
601868.SH,2022-09-20,2.43,2.44,2.36,2.37,2.43,-0.06,-2.4691,2562886.09,612007.675
601868.SH,2022-09-21,2.36,2.39,2.31,2.37,2.37,0.0,0.0,2230699.52,525885.35
601868.SH,2022-09-22,2.35,2.36,2.3,2.31,2.37,-0.06,-2.5316,2758613.56,642019.311
601868.SH,2022-09-23,2.3,2.34,2.29,2.33,2.31,0.02,0.8658,2131896.54,494960.841
601868.SH,2022-09-26,2.32,2.32,2.23,2.24,2.33,-0.09,-3.8627,2832854.1,641064.254
601868.SH,2022-09-27,2.24,2.26,2.23,2.26,2.24,0.02,0.8929,1988945.69,447463.1
601868.SH,2022-09-28,2.26,2.26,2.22,2.23,2.26,-0.03,-1.3274,1581259.56,354322.27
601868.SH,2022-09-29,2.25,2.26,2.2,2.21,2.23,-0.02,-0.8969,1753738.44,390420.59
601868.SH,2022-09-30,2.2,2.25,2.2,2.24,2.21,0.03,1.3575,1442570.21,321715.434
601868.SH,2022-10-10,2.24,2.26,2.22,2.22,2.24,-0.02,-0.8929,1337311.61,299471.58
601868.SH,2022-10-11,2.22,2.27,2.22,2.26,2.22,0.04,1.8018,1542750.74,346705.983
601868.SH,2022-10-12,2.26,2.3,2.24,2.3,2.26,0.04,1.7699,1753474.49,397660.222
601868.SH,2022-10-13,2.29,2.29,2.26,2.27,2.3,-0.03,-1.3043,1444877.57,328119.7
601868.SH,2022-10-14,2.29,2.29,2.26,2.28,2.27,0.01,0.4405,2148395.06,489163.128
601868.SH,2022-10-17,2.26,2.28,2.25,2.27,2.28,-0.01,-0.4386,1751011.85,396536.955
601868.SH,2022-10-18,2.28,2.29,2.24,2.27,2.27,0.0,0.0,1931454.37,437207.001
601868.SH,2022-10-19,2.26,2.28,2.25,2.25,2.27,-0.02,-0.8811,1225156.42,276881.804
601868.SH,2022-10-20,2.24,2.26,2.23,2.25,2.25,0.0,0.0,1161741.5,260664.795
601868.SH,2022-10-21,2.28,2.43,2.28,2.33,2.25,0.08,3.5556,5888451.84,1392322.038
601868.SH,2022-10-24,2.29,2.37,2.28,2.31,2.33,-0.02,-0.8584,3982033.79,927651.111
601868.SH,2022-10-25,2.3,2.45,2.28,2.42,2.31,0.11,4.7619,6230923.86,1486161.096
601868.SH,2022-10-26,2.4,2.41,2.35,2.38,2.42,-0.04,-1.6529,3173962.58,754193.24
601868.SH,2022-10-27,2.37,2.38,2.33,2.34,2.38,-0.04,-1.6807,2420726.24,567545.974
601868.SH,2022-10-28,2.33,2.36,2.3,2.31,2.34,-0.03,-1.2821,2448541.79,569573.331
601868.SH,2022-10-31,2.3,2.31,2.27,2.29,2.31,-0.02,-0.8658,1871015.24,428114.503
601868.SH,2022-11-01,2.28,2.34,2.28,2.33,2.29,0.04,1.7467,1864812.81,431194.958
601868.SH,2022-11-02,2.33,2.34,2.31,2.32,2.33,-0.01,-0.4292,1936080.2,449447.985
601868.SH,2022-11-03,2.31,2.32,2.29,2.31,2.32,-0.01,-0.431,1564491.31,360239.004
601868.SH,2022-11-04,2.3,2.36,2.3,2.34,2.31,0.03,1.2987,2550122.73,595314.762
601868.SH,2022-11-07,2.34,2.38,2.34,2.37,2.34,0.03,1.2821,2113170.25,498917.839
601868.SH,2022-11-08,2.37,2.37,2.33,2.36,2.37,-0.01,-0.4219,1521787.09,357530.36
601868.SH,2022-11-09,2.35,2.4,2.34,2.35,2.36,-0.01,-0.4237,1920937.38,455161.976
601868.SH,2022-11-10,2.34,2.36,2.32,2.34,2.35,-0.01,-0.4255,1428930.45,333753.515
601868.SH,2022-11-11,2.37,2.39,2.34,2.37,2.34,0.03,1.2821,2802218.79,662844.142
601868.SH,2022-11-14,2.39,2.4,2.35,2.36,2.37,-0.01,-0.4219,2907801.83,690955.935
601868.SH,2022-11-15,2.35,2.39,2.35,2.38,2.36,0.02,0.8475,1934112.01,458540.235
601868.SH,2022-11-16,2.38,2.39,2.35,2.36,2.38,-0.02,-0.8403,1527996.4,361410.831
601868.SH,2022-11-17,2.36,2.37,2.34,2.36,2.36,0.0,0.0,1427300.77,336236.624
601868.SH,2022-11-18,2.36,2.36,2.33,2.33,2.36,-0.03,-1.2712,1984719.44,464697.728
601868.SH,2022-11-21,2.33,2.33,2.31,2.32,2.33,-0.01,-0.4292,1093197.77,253689.501
601868.SH,2022-11-22,2.32,2.55,2.32,2.45,2.32,0.13,5.6034,9021794.53,2214405.219
601868.SH,2022-11-23,2.42,2.52,2.4,2.44,2.45,-0.01,-0.4082,6947142.03,1707951.835
601868.SH,2022-11-24,2.43,2.43,2.37,2.38,2.44,-0.06,-2.459,4225773.63,1010533.164
601868.SH,2022-11-25,2.38,2.45,2.37,2.43,2.38,0.05,2.1008,3890945.11,941780.775
601868.SH,2022-11-28,2.4,2.47,2.37,2.42,2.43,-0.01,-0.4115,3390104.49,820166.236
601868.SH,2022-11-29,2.43,2.47,2.41,2.45,2.42,0.03,1.2397,3232403.36,789050.462
601868.SH,2022-11-30,2.44,2.46,2.43,2.45,2.45,0.0,0.0,2668841.65,652915.364
601868.SH,2022-12-01,2.46,2.48,2.42,2.42,2.45,-0.03,-1.2245,2698112.59,659521.835
601868.SH,2022-12-02,2.42,2.45,2.4,2.43,2.42,0.01,0.4132,2706195.87,655372.661
601868.SH,2022-12-05,2.45,2.55,2.45,2.54,2.43,0.11,4.5267,7722143.08,1941274.612
601868.SH,2022-12-06,2.52,2.54,2.48,2.5,2.54,-0.04,-1.5748,4098816.18,1027277.581
601868.SH,2022-12-07,2.5,2.52,2.46,2.47,2.5,-0.03,-1.2,3099236.29,769161.279
601868.SH,2022-12-08,2.46,2.5,2.46,2.48,2.47,0.01,0.4049,2170701.07,537270.137
601868.SH,2022-12-09,2.48,2.48,2.43,2.45,2.48,-0.03,-1.2097,2392162.99,586323.253
601868.SH,2022-12-12,2.44,2.46,2.4,2.41,2.45,-0.04,-1.6327,2458604.99,596863.137
601868.SH,2022-12-13,2.4,2.43,2.4,2.41,2.41,0.0,0.0,1729317.07,417088.481
601868.SH,2022-12-14,2.41,2.41,2.36,2.37,2.41,-0.04,-1.6598,2737990.72,650592.659
601868.SH,2022-12-15,2.36,2.37,2.34,2.36,2.37,-0.01,-0.4219,1580901.56,372317.134
601868.SH,2022-12-16,2.36,2.39,2.35,2.37,2.36,0.01,0.4237,1757570.57,417019.43
601868.SH,2022-12-19,2.36,2.37,2.29,2.3,2.37,-0.07,-2.9536,2830263.92,656444.326
601868.SH,2022-12-20,2.29,2.31,2.28,2.28,2.3,-0.02,-0.8696,1745404.96,400129.338
601868.SH,2022-12-21,2.29,2.3,2.28,2.29,2.28,0.01,0.4386,1015862.27,232361.365
601868.SH,2022-12-22,2.29,2.3,2.26,2.27,2.29,-0.02,-0.8734,1848055.3,420992.677
601868.SH,2022-12-23,2.26,2.28,2.25,2.27,2.27,0.0,0.0,964344.25,218738.554
601868.SH,2022-12-26,2.27,2.3,2.27,2.28,2.27,0.01,0.4405,1265978.32,288938.286
601868.SH,2022-12-27,2.29,2.3,2.28,2.29,2.28,0.01,0.4386,1572932.15,360003.796
601868.SH,2022-12-28,2.28,2.3,2.27,2.28,2.29,-0.01,-0.4367,1123214.03,256551.852
601868.SH,2022-12-29,2.28,2.29,2.26,2.26,2.28,-0.02,-0.8772,1252097.61,284533.816
601868.SH,2022-12-30,2.28,2.3,2.27,2.29,2.26,0.03,1.3274,1158408.41,265012.759
601868.SH,2023-01-03,2.29,2.32,2.28,2.31,2.29,0.02,0.8734,1867645.03,430716.481
601868.SH,2023-01-04,2.31,2.32,2.3,2.3,2.31,-0.01,-0.4329,1137355.91,262623.54
601868.SH,2023-01-05,2.32,2.32,2.3,2.31,2.3,0.01,0.4348,1149082.04,265316.339
601868.SH,2023-01-06,2.31,2.32,2.3,2.31,2.31,0.0,0.0,1184984.01,273455.609
601868.SH,2023-01-09,2.31,2.33,2.3,2.32,2.31,0.01,0.4329,1551983.11,359808.855
601868.SH,2023-01-10,2.32,2.33,2.29,2.3,2.32,-0.02,-0.8621,1069261.0,246329.607
601868.SH,2023-01-11,2.3,2.31,2.29,2.3,2.3,0.0,0.0,1092895.63,251357.489
601868.SH,2023-01-12,2.3,2.31,2.29,2.29,2.3,-0.01,-0.4348,727188.02,166873.379
601868.SH,2023-01-13,2.29,2.3,2.29,2.3,2.29,0.01,0.4367,779459.66,178861.835
601868.SH,2023-01-16,2.3,2.33,2.29,2.32,2.3,0.02,0.8696,1705584.0,395125.635
601868.SH,2023-01-17,2.32,2.32,2.3,2.31,2.32,-0.01,-0.431,835065.76,193096.886
601868.SH,2023-01-18,2.32,2.32,2.31,2.31,2.31,0.0,0.0,691250.01,159929.361
601868.SH,2023-01-19,2.31,2.32,2.3,2.31,2.31,0.0,0.0,1216196.29,280780.138
601868.SH,2023-01-20,2.32,2.35,2.31,2.35,2.31,0.04,1.7316,1975910.01,461483.295
601868.SH,2023-01-30,2.37,2.38,2.34,2.35,2.35,0.0,0.0,1866328.51,439186.027
601868.SH,2023-01-31,2.35,2.36,2.34,2.35,2.35,0.0,0.0,1219781.54,286431.595
601868.SH,2023-02-01,2.36,2.38,2.34,2.37,2.35,0.02,0.8511,2149657.37,508194.102
601868.SH,2023-02-02,2.38,2.38,2.36,2.37,2.37,0.0,0.0,1610934.9,381603.086
601868.SH,2023-02-03,2.36,2.37,2.33,2.34,2.37,-0.03,-1.2658,2152567.98,503904.009
601868.SH,2023-02-06,2.33,2.35,2.33,2.33,2.34,-0.01,-0.4274,1024325.72,239284.498
601868.SH,2023-02-07,2.34,2.36,2.33,2.36,2.33,0.03,1.2876,1669291.42,392054.487
601868.SH,2023-02-08,2.36,2.36,2.33,2.33,2.36,-0.03,-1.2712,1307187.43,306060.781
601868.SH,2023-02-09,2.33,2.35,2.33,2.34,2.33,0.01,0.4292,1131935.07,264795.636
601868.SH,2023-02-10,2.34,2.35,2.33,2.34,2.34,0.0,0.0,1377373.27,322335.352
601868.SH,2023-02-13,2.35,2.38,2.34,2.36,2.34,0.02,0.8547,2661562.8,628467.601
601868.SH,2023-02-14,2.37,2.37,2.35,2.36,2.36,0.0,0.0,1302826.42,307309.402
601868.SH,2023-02-15,2.36,2.36,2.33,2.34,2.36,-0.02,-0.8475,1599184.43,374905.361
601868.SH,2023-02-16,2.36,2.42,2.34,2.36,2.34,0.02,0.8547,5257372.46,1251541.917
601868.SH,2023-02-17,2.35,2.37,2.33,2.33,2.36,-0.03,-1.2712,2872946.87,675413.284
601868.SH,2023-02-20,2.34,2.4,2.33,2.39,2.33,0.06,2.5751,4257628.45,1011859.231
601868.SH,2023-02-21,2.38,2.4,2.37,2.38,2.39,-0.01,-0.4184,2388501.15,569295.288
601868.SH,2023-02-22,2.37,2.4,2.37,2.39,2.38,0.01,0.4202,1941073.88,463464.036
601868.SH,2023-02-23,2.38,2.39,2.37,2.38,2.39,-0.01,-0.4184,1389948.43,330457.504
601868.SH,2023-02-24,2.38,2.38,2.35,2.36,2.38,-0.02,-0.8403,1222947.05,288920.772
601868.SH,2023-02-27,2.36,2.37,2.35,2.35,2.36,-0.01,-0.4237,1018194.64,240032.314
601868.SH,2023-02-28,2.36,2.39,2.35,2.38,2.35,0.03,1.2766,1791952.15,423758.052
601868.SH,2023-03-01,2.38,2.44,2.37,2.44,2.38,0.06,2.521,5719719.36,1381937.562
601868.SH,2023-03-02,2.43,2.48,2.42,2.45,2.44,0.01,0.4098,5694463.83,1395655.159
601868.SH,2023-03-03,2.46,2.52,2.44,2.5,2.45,0.05,2.0408,7225712.66,1799313.928
601868.SH,2023-03-06,2.51,2.53,2.45,2.46,2.5,-0.04,-1.6,5004826.12,1239039.761
601868.SH,2023-03-07,2.46,2.52,2.45,2.46,2.46,0.0,0.0,5566680.11,1384457.816
601868.SH,2023-03-08,2.44,2.46,2.43,2.46,2.46,0.0,0.0,2740234.71,670390.616
601868.SH,2023-03-09,2.46,2.46,2.42,2.43,2.46,-0.03,-1.2195,2687911.5,654051.091
601868.SH,2023-03-10,2.42,2.43,2.39,2.39,2.43,-0.04,-1.6461,2383794.67,573389.373
601868.SH,2023-03-13,2.41,2.45,2.4,2.44,2.39,0.05,2.0921,3219806.98,780891.571
601868.SH,2023-03-14,2.43,2.46,2.41,2.42,2.44,-0.02,-0.8197,3272934.04,796147.453
601868.SH,2023-03-15,2.42,2.52,2.4,2.49,2.42,0.07,2.8926,6094957.19,1504333.495
601868.SH,2023-03-16,2.47,2.49,2.44,2.46,2.49,-0.03,-1.2048,2986898.27,736304.693
601868.SH,2023-03-17,2.46,2.53,2.46,2.51,2.46,0.05,2.0325,6310756.9,1579950.108
601868.SH,2023-03-20,2.51,2.76,2.5,2.61,2.51,0.1,3.9841,16701164.14,4445510.507
601868.SH,2023-03-21,2.58,2.61,2.54,2.57,2.61,-0.04,-1.5326,8490442.57,2177485.875
601868.SH,2023-03-22,2.55,2.59,2.51,2.53,2.57,-0.04,-1.5564,6542131.1,1657833.868
601868.SH,2023-03-23,2.52,2.57,2.51,2.54,2.53,0.01,0.3953,5522620.6,1401421.986
601868.SH,2023-03-24,2.54,2.54,2.46,2.47,2.54,-0.07,-2.7559,5446967.61,1354027.119
601868.SH,2023-03-27,2.46,2.47,2.42,2.43,2.47,-0.04,-1.6194,3640302.28,887996.536
601868.SH,2023-03-28,2.44,2.46,2.41,2.42,2.43,-0.01,-0.4115,3036092.56,739996.459
601868.SH,2023-03-29,2.42,2.43,2.38,2.4,2.42,-0.02,-0.8264,2930723.1,703184.553
601868.SH,2023-03-30,2.4,2.42,2.38,2.42,2.4,0.02,0.8333,2982685.83,715647.245
601868.SH,2023-03-31,2.4,2.41,2.39,2.41,2.42,-0.01,-0.4132,2047633.07,491857.844
601868.SH,2023-04-03,2.41,2.43,2.4,2.41,2.41,0.0,0.0,3091137.34,746848.583
601868.SH,2023-04-04,2.41,2.5,2.41,2.5,2.41,0.09,3.7344,6970468.13,1719854.586
601868.SH,2023-04-06,2.49,2.52,2.46,2.49,2.5,-0.01,-0.4,3437888.6,853545.049
601868.SH,2023-04-07,2.49,2.5,2.45,2.47,2.49,-0.02,-0.8032,2340164.04,577559.94
601868.SH,2023-04-10,2.47,2.5,2.45,2.47,2.47,0.0,0.0,2932549.36,727563.47
601868.SH,2023-04-11,2.47,2.48,2.45,2.47,2.47,0.0,0.0,2159995.54,532026.223
601868.SH,2023-04-12,2.47,2.52,2.46,2.51,2.47,0.04,1.6194,3582622.64,895312.464
601868.SH,2023-04-13,2.5,2.64,2.49,2.6,2.51,0.09,3.5857,9458203.37,2434598.019
601868.SH,2023-04-14,2.6,2.73,2.59,2.69,2.6,0.09,3.4615,12526438.28,3359697.088
601868.SH,2023-04-17,2.69,2.73,2.66,2.7,2.69,0.01,0.3717,6683897.52,1800877.977
601868.SH,2023-04-18,2.68,2.71,2.65,2.7,2.7,0.0,0.0,4456493.29,1196943.254
601868.SH,2023-04-19,2.69,2.71,2.64,2.66,2.7,-0.04,-1.4815,3746594.32,1003504.584
601868.SH,2023-04-20,2.65,2.7,2.62,2.7,2.66,0.04,1.5038,4794881.23,1275020.331
601868.SH,2023-04-21,2.7,2.8,2.66,2.67,2.7,-0.03,-1.1111,5825432.4,1583633.104
601868.SH,2023-04-24,2.68,2.72,2.65,2.67,2.67,0.0,0.0,4337585.49,1161805.518
601868.SH,2023-04-25,2.67,2.7,2.63,2.67,2.67,0.0,0.0,3435201.23,916283.509
601868.SH,2023-04-26,2.65,2.66,2.57,2.61,2.67,-0.06,-2.2472,3821463.62,999397.034
601868.SH,2023-04-27,2.62,2.76,2.61,2.7,2.61,0.09,3.4483,5962390.24,1610556.907
601868.SH,2023-04-28,2.69,2.73,2.63,2.71,2.7,0.01,0.3704,5273868.54,1410358.651
601868.SH,2023-05-04,2.69,2.79,2.67,2.76,2.71,0.05,1.845,6214821.42,1705551.306
601868.SH,2023-05-05,2.75,2.78,2.68,2.7,2.76,-0.06,-2.1739,4611092.65,1253479.211
601868.SH,2023-05-08,2.7,2.76,2.66,2.73,2.7,0.03,1.1111,5428240.79,1476125.213
601868.SH,2023-05-09,2.74,2.79,2.66,2.67,2.73,-0.06,-2.1978,6781916.98,1851169.446
601868.SH,2023-05-10,2.65,2.71,2.63,2.65,2.67,-0.02,-0.7491,4565139.77,1216391.802
601868.SH,2023-05-11,2.65,2.66,2.61,2.63,2.65,-0.02,-0.7547,2829649.89,744221.471
601868.SH,2023-05-12,2.62,2.64,2.56,2.56,2.63,-0.07,-2.6616,3850154.25,996682.054
601868.SH,2023-05-15,2.56,2.57,2.52,2.56,2.56,0.0,0.0,3538160.16,900494.737
601868.SH,2023-05-16,2.56,2.57,2.5,2.51,2.56,-0.05,-1.9531,3355500.5,848608.843
601868.SH,2023-05-17,2.51,2.53,2.48,2.51,2.51,0.0,0.0,2793227.04,699742.777
601868.SH,2023-05-18,2.51,2.55,2.5,2.51,2.51,0.0,0.0,3273587.04,827247.396
601868.SH,2023-05-19,2.51,2.52,2.46,2.47,2.51,-0.04,-1.5936,3231946.23,801427.035
601868.SH,2023-05-22,2.48,2.49,2.44,2.45,2.47,-0.02,-0.8097,2904106.68,715000.93
601868.SH,2023-05-23,2.46,2.47,2.39,2.4,2.45,-0.05,-2.0408,4523049.12,1096250.423
601868.SH,2023-05-24,2.39,2.4,2.37,2.38,2.4,-0.02,-0.8333,2565380.5,611419.822
601868.SH,2023-05-25,2.37,2.39,2.35,2.38,2.38,0.0,0.0,3036280.55,720405.023
601868.SH,2023-05-26,2.39,2.41,2.37,2.39,2.38,0.01,0.4202,2153354.92,514101.508
601868.SH,2023-05-29,2.4,2.42,2.39,2.4,2.39,0.01,0.4184,2294112.25,552004.458
601868.SH,2023-05-30,2.4,2.44,2.39,2.42,2.4,0.02,0.8333,3154082.89,762061.491
601868.SH,2023-05-31,2.41,2.42,2.39,2.4,2.42,-0.02,-0.8264,1920626.43,460680.605
601868.SH,2023-06-01,2.39,2.42,2.38,2.4,2.4,0.0,0.0,1910681.3,458545.569
601868.SH,2023-06-02,2.4,2.42,2.39,2.41,2.4,0.01,0.4167,1840106.96,442802.74
601868.SH,2023-06-05,2.41,2.42,2.37,2.38,2.41,-0.03,-1.2448,2672799.47,638333.796
601868.SH,2023-06-06,2.38,2.4,2.35,2.36,2.38,-0.02,-0.8403,2376209.34,565190.061
601868.SH,2023-06-07,2.36,2.37,2.33,2.35,2.36,-0.01,-0.4237,2197379.22,516217.22
601868.SH,2023-06-08,2.35,2.4,2.34,2.4,2.35,0.05,2.1277,2387372.32,565963.311
601868.SH,2023-06-09,2.4,2.41,2.38,2.4,2.4,0.0,0.0,1639961.84,392720.386
601868.SH,2023-06-12,2.4,2.4,2.37,2.38,2.4,-0.02,-0.8333,1569102.18,373933.702
601868.SH,2023-06-13,2.38,2.39,2.36,2.37,2.38,-0.01,-0.4202,1281679.28,303991.827
601868.SH,2023-06-14,2.37,2.39,2.35,2.36,2.37,-0.01,-0.4219,1467192.47,346939.869
601868.SH,2023-06-15,2.36,2.37,2.34,2.36,2.36,0.0,0.0,2180198.32,513033.698
601868.SH,2023-06-16,2.35,2.38,2.34,2.37,2.33,0.04,1.7167,2440184.03,577676.126
601868.SH,2023-06-19,2.36,2.37,2.34,2.35,2.37,-0.02,-0.8439,1623969.56,381993.956
601868.SH,2023-06-20,2.35,2.36,2.33,2.33,2.35,-0.02,-0.8511,1767704.2,413935.642
601868.SH,2023-06-21,2.33,2.35,2.32,2.32,2.33,-0.01,-0.4292,1662203.02,387890.098
601868.SH,2023-06-26,2.31,2.31,2.28,2.29,2.32,-0.03,-1.2931,2065688.95,474142.643
601868.SH,2023-06-27,2.29,2.34,2.28,2.33,2.29,0.04,1.7467,1514158.58,351011.279
601868.SH,2023-06-28,2.33,2.34,2.31,2.33,2.33,0.0,0.0,1018021.57,236242.286
601868.SH,2023-06-29,2.33,2.33,2.31,2.32,2.33,-0.01,-0.4292,1061191.75,246282.166
601868.SH,2023-06-30,2.32,2.35,2.31,2.34,2.32,0.02,0.8621,1207510.04,282479.942
601868.SH,2023-07-03,2.36,2.39,2.35,2.37,2.34,0.03,1.2821,1878821.45,444806.26
601868.SH,2023-07-04,2.36,2.38,2.35,2.36,2.37,-0.01,-0.4219,1327789.82,313619.313
601868.SH,2023-07-05,2.36,2.39,2.36,2.36,2.36,0.0,0.0,1519660.86,360851.359
601868.SH,2023-07-06,2.36,2.37,2.34,2.35,2.36,-0.01,-0.4237,1455223.87,342601.959
601868.SH,2023-07-07,2.35,2.38,2.34,2.37,2.35,0.02,0.8511,1181905.94,279135.708
601868.SH,2023-07-10,2.37,2.38,2.36,2.37,2.37,0.0,0.0,932484.7,220921.787
601868.SH,2023-07-11,2.37,2.39,2.36,2.37,2.37,0.0,0.0,968157.2,229582.294
601868.SH,2023-07-12,2.38,2.38,2.34,2.35,2.37,-0.02,-0.8439,1538346.08,362999.163
601868.SH,2023-07-13,2.36,2.37,2.35,2.37,2.35,0.02,0.8511,890319.28,210353.454
601868.SH,2023-07-14,2.37,2.38,2.36,2.37,2.37,0.0,0.0,1123551.51,266081.213
601868.SH,2023-07-17,2.36,2.37,2.35,2.36,2.37,-0.01,-0.4219,679780.58,160019.442
601868.SH,2023-07-18,2.36,2.36,2.34,2.35,2.36,-0.01,-0.4237,953966.21,224450.692
601868.SH,2023-07-19,2.35,2.37,2.35,2.37,2.35,0.02,0.8511,1053087.55,248501.96
601868.SH,2023-07-20,2.37,2.37,2.35,2.35,2.37,-0.02,-0.8439,1122082.44,264431.981
601868.SH,2023-07-21,2.35,2.35,2.33,2.34,2.35,-0.01,-0.4255,1163202.91,272140.602
601868.SH,2023-07-24,2.34,2.36,2.33,2.35,2.34,0.01,0.4274,919261.88,215986.634
601868.SH,2023-07-25,2.36,2.39,2.36,2.38,2.35,0.03,1.2766,2336961.56,555621.256
601868.SH,2023-07-26,2.38,2.39,2.37,2.39,2.38,0.01,0.4202,1452915.45,346163.857
601868.SH,2023-07-27,2.39,2.42,2.38,2.4,2.39,0.01,0.4184,2503439.73,602070.144
601868.SH,2023-07-28,2.4,2.44,2.38,2.43,2.4,0.03,1.25,2721784.27,656896.435
601868.SH,2023-07-31,2.44,2.48,2.43,2.45,2.43,0.02,0.823,3092464.62,759538.331
601868.SH,2023-08-01,2.45,2.48,2.45,2.46,2.45,0.01,0.4082,2143750.29,527915.427
601868.SH,2023-08-02,2.45,2.47,2.43,2.44,2.46,-0.02,-0.813,2143816.52,524541.784
601868.SH,2023-08-03,2.44,2.46,2.42,2.46,2.44,0.02,0.8197,1919604.91,469192.744
601868.SH,2023-08-04,2.47,2.48,2.44,2.45,2.46,-0.01,-0.4065,1892506.41,465358.193
601868.SH,2023-08-07,2.45,2.45,2.42,2.44,2.45,-0.01,-0.4082,1611987.1,392532.474
601868.SH,2023-08-08,2.43,2.44,2.41,2.42,2.44,-0.02,-0.8197,1322097.15,320783.314
601868.SH,2023-08-09,2.42,2.44,2.41,2.41,2.42,-0.01,-0.4132,1215539.44,294725.611
601868.SH,2023-08-10,2.42,2.43,2.41,2.43,2.41,0.02,0.8299,995032.05,240865.334
601868.SH,2023-08-11,2.43,2.43,2.36,2.37,2.43,-0.06,-2.4691,2266664.42,542243.406
601868.SH,2023-08-14,2.36,2.39,2.34,2.37,2.37,0.0,0.0,1842770.86,435070.603
601868.SH,2023-08-15,2.37,2.39,2.35,2.37,2.37,0.0,0.0,1239058.12,293963.84
601868.SH,2023-08-16,2.37,2.39,2.35,2.37,2.37,0.0,0.0,1186999.42,281084.29
601868.SH,2023-08-17,2.36,2.38,2.35,2.37,2.37,0.0,0.0,1354514.61,320049.288
601868.SH,2023-08-18,2.38,2.39,2.35,2.36,2.37,-0.01,-0.4219,1507423.61,357840.14
601868.SH,2023-08-21,2.35,2.37,2.34,2.34,2.36,-0.02,-0.8475,1327769.81,312495.852
601868.SH,2023-08-22,2.34,2.37,2.33,2.35,2.34,0.01,0.4274,2110277.58,495185.022
601868.SH,2023-08-23,2.35,2.36,2.33,2.33,2.35,-0.02,-0.8511,1461497.69,342357.737
601868.SH,2023-08-24,2.34,2.34,2.27,2.28,2.33,-0.05,-2.1459,3286586.27,755886.357
601868.SH,2023-08-25,2.27,2.3,2.26,2.28,2.28,0.0,0.0,1570693.01,358366.657
601868.SH,2023-08-28,2.38,2.39,2.29,2.3,2.28,0.02,0.8772,2712401.34,633231.014
601868.SH,2023-08-29,2.3,2.33,2.29,2.32,2.3,0.02,0.8696,2164588.36,500164.557
601868.SH,2023-08-30,2.32,2.33,2.29,2.3,2.32,-0.02,-0.8621,1777146.45,409584.278
601868.SH,2023-08-31,2.3,2.31,2.28,2.29,2.3,-0.01,-0.4348,1396937.29,319682.541
601868.SH,2023-09-01,2.29,2.31,2.29,2.3,2.29,0.01,0.4367,1155298.23,265392.394
601868.SH,2023-09-04,2.31,2.33,2.3,2.32,2.3,0.02,0.8696,1827267.25,423232.791
601868.SH,2023-09-05,2.32,2.33,2.3,2.31,2.32,-0.01,-0.431,1231960.36,284337.751
601868.SH,2023-09-06,2.3,2.31,2.29,2.3,2.31,-0.01,-0.4329,1620626.21,372347.086
601868.SH,2023-09-07,2.29,2.3,2.27,2.28,2.3,-0.02,-0.8696,1255852.18,286785.831
601868.SH,2023-09-08,2.27,2.29,2.27,2.28,2.28,0.0,0.0,916372.11,208585.535
601868.SH,2023-09-11,2.28,2.3,2.27,2.29,2.28,0.01,0.4386,1396652.97,318833.653
601868.SH,2023-09-12,2.29,2.3,2.28,2.29,2.29,0.0,0.0,1120107.66,256337.615
601868.SH,2023-09-13,2.28,2.29,2.27,2.28,2.29,-0.01,-0.4367,1213801.25,276635.832
601868.SH,2023-09-14,2.28,2.29,2.27,2.28,2.28,0.0,0.0,994632.86,226654.77
601868.SH,2023-09-15,2.29,2.29,2.27,2.27,2.28,-0.01,-0.4386,1528405.92,347738.845
601868.SH,2023-09-18,2.26,2.27,2.25,2.26,2.27,-0.01,-0.4405,1157289.83,261719.095
601868.SH,2023-09-19,2.26,2.27,2.25,2.26,2.26,0.0,0.0,927492.38,209812.796
601868.SH,2023-09-20,2.26,2.27,2.25,2.25,2.26,-0.01,-0.4425,897184.34,202255.319
601868.SH,2023-09-21,2.25,2.26,2.23,2.23,2.25,-0.02,-0.8889,1142270.87,256257.458
601868.SH,2023-09-22,2.23,2.26,2.22,2.25,2.23,0.02,0.8969,1178871.53,264321.65
601868.SH,2023-09-25,2.25,2.26,2.24,2.24,2.25,-0.01,-0.4444,760660.97,170881.208
601868.SH,2023-09-26,2.25,2.25,2.24,2.24,2.24,0.0,0.0,439580.17,98665.741
601868.SH,2023-09-27,2.24,2.28,2.24,2.26,2.24,0.02,0.8929,1397259.23,316264.024
601868.SH,2023-09-28,2.26,2.28,2.25,2.26,2.26,0.0,0.0,920325.14,208657.031
601868.SH,2023-10-09,2.26,2.28,2.25,2.26,2.26,0.0,0.0,1044974.62,236632.422
601868.SH,2023-10-10,2.27,2.28,2.24,2.24,2.26,-0.02,-0.885,1409656.56,317570.061
601868.SH,2023-10-11,2.25,2.26,2.24,2.24,2.24,0.0,0.0,879915.97,197720.592
601868.SH,2023-10-12,2.25,2.26,2.24,2.26,2.24,0.02,0.8929,766655.27,172772.909
601868.SH,2023-10-13,2.25,2.26,2.24,2.24,2.26,-0.02,-0.885,514141.62,115351.455
601868.SH,2023-10-16,2.24,2.25,2.23,2.23,2.24,-0.01,-0.4464,852412.38,190614.453
601868.SH,2023-10-17,2.23,2.24,2.22,2.23,2.23,0.0,0.0,712341.54,159011.923
601868.SH,2023-10-18,2.23,2.24,2.21,2.22,2.23,-0.01,-0.4484,1256258.77,279005.264
601868.SH,2023-10-19,2.21,2.22,2.18,2.19,2.22,-0.03,-1.3514,1626386.85,357994.187
601868.SH,2023-10-20,2.17,2.19,2.17,2.18,2.19,-0.01,-0.4566,1250070.03,272433.084
601868.SH,2023-10-23,2.18,2.18,2.12,2.13,2.18,-0.05,-2.2936,1591738.17,342069.239
601868.SH,2023-10-24,2.14,2.16,2.13,2.16,2.13,0.03,1.4085,1192523.07,256375.847
601868.SH,2023-10-25,2.19,2.23,2.19,2.21,2.16,0.05,2.3148,1960618.49,433500.196
601868.SH,2023-10-26,2.2,2.22,2.19,2.21,2.21,0.0,0.0,1159877.33,255407.661
601868.SH,2023-10-27,2.21,2.23,2.2,2.22,2.21,0.01,0.4525,1060395.88,235572.982
601868.SH,2023-10-30,2.21,2.21,2.18,2.19,2.22,-0.03,-1.3514,1563882.86,342850.333
601868.SH,2023-10-31,2.19,2.2,2.17,2.18,2.19,-0.01,-0.4566,855918.6,186798.431
601868.SH,2023-11-01,2.19,2.19,2.17,2.18,2.18,0.0,0.0,756556.16,164757.132
601868.SH,2023-11-02,2.17,2.21,2.17,2.18,2.18,0.0,0.0,1510885.94,330629.899
601868.SH,2023-11-03,2.18,2.19,2.17,2.18,2.18,0.0,0.0,1094777.34,238586.72
601868.SH,2023-11-06,2.19,2.21,2.18,2.2,2.18,0.02,0.9174,1444875.09,316846.005
601868.SH,2023-11-07,2.2,2.2,2.18,2.19,2.2,-0.01,-0.4545,1350182.28,295660.982
601868.SH,2023-11-08,2.19,2.19,2.17,2.17,2.19,-0.02,-0.9132,1062388.64,231488.128
601868.SH,2023-11-09,2.17,2.19,2.17,2.18,2.17,0.01,0.4608,867981.64,189166.242
601868.SH,2023-11-10,2.18,2.18,2.16,2.17,2.18,-0.01,-0.4587,907880.33,196845.643
601868.SH,2023-11-13,2.17,2.19,2.16,2.18,2.17,0.01,0.4608,952250.85,207357.762
601868.SH,2023-11-14,2.18,2.2,2.18,2.19,2.18,0.01,0.4587,799753.88,174930.732
601868.SH,2023-11-15,2.2,2.2,2.18,2.18,2.19,-0.01,-0.4566,1079328.62,236368.051
601868.SH,2023-11-16,2.19,2.19,2.17,2.17,2.18,-0.01,-0.4587,713759.84,155399.354
601868.SH,2023-11-17,2.17,2.18,2.16,2.17,2.17,0.0,0.0,936667.93,203156.793
601868.SH,2023-11-20,2.17,2.18,2.16,2.17,2.17,0.0,0.0,782110.63,169753.31
601868.SH,2023-11-21,2.18,2.19,2.17,2.18,2.17,0.01,0.4608,999829.16,218027.125
601868.SH,2023-11-22,2.17,2.18,2.16,2.17,2.18,-0.01,-0.4587,717031.44,155723.334
601868.SH,2023-11-23,2.16,2.18,2.16,2.17,2.17,0.0,0.0,718833.86,155958.637
601868.SH,2023-11-24,2.17,2.18,2.16,2.17,2.17,0.0,0.0,795001.61,172386.582
601868.SH,2023-11-27,2.17,2.17,2.14,2.15,2.17,-0.02,-0.9217,1510761.38,325088.501
601868.SH,2023-11-28,2.15,2.16,2.14,2.15,2.15,0.0,0.0,809867.91,173894.508
601868.SH,2023-11-29,2.15,2.15,2.13,2.13,2.15,-0.02,-0.9302,980466.5,209331.48
601868.SH,2023-11-30,2.13,2.14,2.12,2.13,2.13,0.0,0.0,996885.93,212463.768
601868.SH,2023-12-01,2.14,2.16,2.12,2.15,2.13,0.02,0.939,1429960.97,306359.41
601868.SH,2023-12-04,2.15,2.16,2.15,2.16,2.15,0.01,0.4651,501763.56,108130.672
601868.SH,2023-12-05,2.15,2.16,2.13,2.13,2.16,-0.03,-1.3889,1013147.95,216613.934
601868.SH,2023-12-06,2.14,2.15,2.13,2.13,2.13,0.0,0.0,944410.76,201633.297
601868.SH,2023-12-07,2.13,2.14,2.12,2.13,2.13,0.0,0.0,1074089.97,228517.0
601868.SH,2023-12-08,2.13,2.14,2.12,2.12,2.13,-0.01,-0.4695,1110028.28,236088.607
601868.SH,2023-12-11,2.12,2.13,2.1,2.12,2.12,0.0,0.0,1449955.84,306002.675
601868.SH,2023-12-12,2.12,2.14,2.11,2.13,2.12,0.01,0.4717,824645.89,175468.528
601868.SH,2023-12-13,2.13,2.14,2.11,2.11,2.13,-0.02,-0.939,693347.76,146969.507
601868.SH,2023-12-14,2.12,2.13,2.11,2.12,2.11,0.01,0.4739,903677.81,191444.096
601868.SH,2023-12-15,2.12,2.13,2.11,2.12,2.12,0.0,0.0,1124920.51,238123.067
601868.SH,2023-12-18,2.11,2.12,2.09,2.09,2.12,-0.03,-1.4151,910586.46,191523.501
601868.SH,2023-12-19,2.09,2.1,2.07,2.09,2.09,0.0,0.0,1051107.68,219299.302
601868.SH,2023-12-20,2.09,2.1,2.07,2.08,2.09,-0.01,-0.4785,867657.62,180875.452
601868.SH,2023-12-21,2.08,2.09,2.06,2.08,2.08,0.0,0.0,1021251.93,212076.556
601868.SH,2023-12-22,2.08,2.1,2.07,2.08,2.08,0.0,0.0,1291269.49,269367.118
601868.SH,2023-12-25,2.08,2.09,2.07,2.08,2.08,0.0,0.0,565213.45,117553.174
601868.SH,2023-12-26,2.08,2.08,2.06,2.07,2.08,-0.01,-0.4808,602700.55,124635.98
601868.SH,2023-12-27,2.07,2.08,2.05,2.08,2.07,0.01,0.4831,799789.83,165268.384
601868.SH,2023-12-28,2.07,2.11,2.07,2.1,2.08,0.02,0.9615,1394114.72,291966.726
601868.SH,2023-12-29,2.1,2.11,2.09,2.1,2.1,0.0,0.0,952301.58,200132.368
601868.SH,2024-01-02,2.1,2.11,2.09,2.09,2.1,-0.01,-0.4762,1087031.96,228200.38
601868.SH,2024-01-03,2.09,2.11,2.08,2.1,2.09,0.01,0.4785,969742.95,203441.178
601868.SH,2024-01-04,2.1,2.11,2.08,2.09,2.1,-0.01,-0.4762,851483.83,178160.897
601868.SH,2024-01-05,2.09,2.11,2.08,2.09,2.09,0.0,0.0,1349172.09,282685.224
601868.SH,2024-01-08,2.09,2.09,2.06,2.07,2.09,-0.02,-0.9569,1249680.36,258847.932
601868.SH,2024-01-09,2.06,2.08,2.06,2.06,2.07,-0.01,-0.4831,924428.97,190991.636
601868.SH,2024-01-10,2.06,2.07,2.04,2.05,2.06,-0.01,-0.4854,1127839.56,231827.353
601868.SH,2024-01-11,2.05,2.07,2.04,2.06,2.05,0.01,0.4878,1052019.8,216387.862
601868.SH,2024-01-12,2.06,2.08,2.05,2.06,2.06,0.0,0.0,749898.48,155045.639
601868.SH,2024-01-15,2.06,2.08,2.05,2.07,2.06,0.01,0.4854,765400.16,158157.752
601868.SH,2024-01-16,2.07,2.08,2.05,2.07,2.07,0.0,0.0,975205.69,201339.675
601868.SH,2024-01-17,2.07,2.07,2.04,2.04,2.07,-0.03,-1.4493,948236.52,195193.174
601868.SH,2024-01-18,2.05,2.06,2.01,2.06,2.04,0.02,0.9804,1947820.27,396399.388
601868.SH,2024-01-19,2.05,2.06,2.04,2.05,2.06,-0.01,-0.4854,877593.5,180166.691
601868.SH,2024-01-22,2.05,2.06,2.02,2.04,2.05,-0.01,-0.4878,1476111.24,301678.547
601868.SH,2024-01-23,2.03,2.04,2.02,2.03,2.04,-0.01,-0.4902,913640.1,185460.026
601868.SH,2024-01-24,2.04,2.1,2.02,2.1,2.03,0.07,3.4483,2399211.6,494034.874
601868.SH,2024-01-25,2.09,2.18,2.08,2.17,2.1,0.07,3.3333,4358768.13,932252.796
601868.SH,2024-01-26,2.16,2.18,2.13,2.15,2.17,-0.02,-0.9217,3297344.37,709918.146
601868.SH,2024-01-29,2.15,2.22,2.15,2.17,2.15,0.02,0.9302,4471336.32,975086.531
601868.SH,2024-01-30,2.15,2.17,2.12,2.13,2.17,-0.04,-1.8433,2923344.19,626724.928
601868.SH,2024-01-31,2.12,2.14,2.09,2.11,2.13,-0.02,-0.939,2590943.97,549053.245
601868.SH,2024-02-01,2.11,2.12,2.09,2.09,2.11,-0.02,-0.9479,1684356.37,354346.759
601868.SH,2024-02-02,2.09,2.13,2.06,2.11,2.09,0.02,0.9569,2605283.05,547161.371
601868.SH,2024-02-05,2.09,2.11,2.03,2.09,2.11,-0.02,-0.9479,3046185.64,633089.153
601868.SH,2024-02-06,2.08,2.16,2.07,2.15,2.09,0.06,2.8708,2818589.04,598101.657
601868.SH,2024-02-07,2.15,2.16,2.13,2.15,2.15,0.0,0.0,2104410.25,451494.746
601868.SH,2024-02-08,2.16,2.17,2.13,2.15,2.15,0.0,0.0,2409056.2,517669.279
601868.SH,2024-02-19,2.16,2.17,2.14,2.16,2.15,0.01,0.4651,1825520.97,393534.226
601868.SH,2024-02-20,2.15,2.16,2.14,2.15,2.16,-0.01,-0.463,1201533.21,258365.068
601868.SH,2024-02-21,2.15,2.2,2.14,2.17,2.15,0.02,0.9302,2879425.77,626495.054
601868.SH,2024-02-22,2.16,2.18,2.16,2.18,2.17,0.01,0.4608,1495571.18,324568.741
601868.SH,2024-02-23,2.18,2.19,2.16,2.17,2.18,-0.01,-0.4587,1285926.15,279565.739
601868.SH,2024-02-26,2.18,2.18,2.15,2.15,2.17,-0.02,-0.9217,1793144.7,387901.799
601868.SH,2024-02-27,2.15,2.17,2.14,2.16,2.15,0.01,0.4651,1342452.81,289843.655
601868.SH,2024-02-28,2.17,2.19,2.16,2.16,2.16,0.0,0.0,2328051.52,506246.476
601868.SH,2024-02-29,2.16,2.18,2.15,2.18,2.16,0.02,0.9259,1593195.32,345684.745
601868.SH,2024-03-01,2.18,2.19,2.16,2.17,2.18,-0.01,-0.4587,1386536.26,301307.222
601868.SH,2024-03-04,2.17,2.18,2.15,2.16,2.17,-0.01,-0.4608,1203121.36,260261.431
601868.SH,2024-03-05,2.16,2.17,2.15,2.16,2.16,0.0,0.0,1107474.32,239040.717
601868.SH,2024-03-06,2.16,2.2,2.15,2.17,2.16,0.01,0.463,2180492.24,473349.426
601868.SH,2024-03-07,2.17,2.19,2.15,2.16,2.17,-0.01,-0.4608,1715577.01,372379.766
601868.SH,2024-03-08,2.16,2.18,2.15,2.17,2.16,0.01,0.463,1260847.69,272963.273
601868.SH,2024-03-11,2.17,2.18,2.16,2.18,2.17,0.01,0.4608,1267267.14,275045.07
601868.SH,2024-03-12,2.18,2.18,2.16,2.16,2.18,-0.02,-0.9174,1164564.0,252212.033
601868.SH,2024-03-13,2.16,2.17,2.15,2.15,2.16,-0.01,-0.463,927458.16,199811.305
601868.SH,2024-03-14,2.15,2.17,2.14,2.15,2.15,0.0,0.0,1744196.17,375697.534
601868.SH,2024-03-15,2.15,2.16,2.14,2.14,2.15,-0.01,-0.4651,1168576.06,250567.755
601868.SH,2024-03-18,2.15,2.17,2.14,2.16,2.14,0.02,0.9346,1707039.66,368248.307
601868.SH,2024-03-19,2.16,2.17,2.15,2.15,2.16,-0.01,-0.463,1036201.67,223523.091
601868.SH,2024-03-20,2.15,2.16,2.15,2.15,2.15,0.0,0.0,737857.34,158902.809
601868.SH,2024-03-21,2.16,2.16,2.14,2.14,2.15,-0.01,-0.4651,921508.47,197942.439
601868.SH,2024-03-22,2.15,2.15,2.12,2.12,2.14,-0.02,-0.9346,1792538.67,381577.32
601868.SH,2024-03-25,2.12,2.14,2.11,2.12,2.12,0.0,0.0,981543.65,208614.23
601868.SH,2024-03-26,2.12,2.13,2.11,2.13,2.12,0.01,0.4717,977583.57,207256.919
601868.SH,2024-03-27,2.12,2.13,2.09,2.1,2.13,-0.03,-1.4085,1028739.71,217086.438
601868.SH,2024-03-28,2.09,2.12,2.09,2.1,2.1,0.0,0.0,1264681.95,266230.401
601868.SH,2024-03-29,2.11,2.13,2.1,2.12,2.1,0.02,0.9524,1282286.0,272054.793
601868.SH,2024-04-01,2.14,2.18,2.13,2.18,2.12,0.06,2.8302,2933876.28,634144.862
601868.SH,2024-04-02,2.18,2.19,2.17,2.18,2.18,0.0,0.0,1826854.7,398192.069
601868.SH,2024-04-03,2.18,2.19,2.17,2.18,2.18,0.0,0.0,1324049.06,288382.079
601868.SH,2024-04-08,2.17,2.19,2.16,2.17,2.18,-0.01,-0.4587,1411584.51,307423.257
601868.SH,2024-04-09,2.17,2.18,2.16,2.18,2.17,0.01,0.4608,1106019.17,239962.319
601868.SH,2024-04-10,2.18,2.18,2.14,2.14,2.18,-0.04,-1.8349,1616423.77,348549.695
601868.SH,2024-04-11,2.14,2.18,2.13,2.17,2.14,0.03,1.4019,1576429.01,340449.935
601868.SH,2024-04-12,2.17,2.17,2.14,2.15,2.17,-0.02,-0.9217,1052983.32,227046.549
601868.SH,2024-04-15,2.15,2.25,2.14,2.21,2.15,0.06,2.7907,4315020.47,949053.391
601868.SH,2024-04-16,2.2,2.23,2.19,2.19,2.21,-0.02,-0.905,3300532.84,729154.474
601868.SH,2024-04-17,2.18,2.25,2.17,2.25,2.19,0.06,2.7397,3488789.9,772862.859
601868.SH,2024-04-18,2.25,2.29,2.23,2.24,2.25,-0.01,-0.4444,3224028.5,728570.011
601868.SH,2024-04-19,2.23,2.27,2.22,2.25,2.24,0.01,0.4464,2211704.85,498260.223
601868.SH,2024-04-22,2.26,2.27,2.23,2.23,2.25,-0.02,-0.8889,1932182.27,434221.879
601868.SH,2024-04-23,2.23,2.24,2.19,2.2,2.23,-0.03,-1.3453,1783985.03,394974.219
601868.SH,2024-04-24,2.21,2.21,2.19,2.2,2.2,0.0,0.0,1114586.59,245329.39
601868.SH,2024-04-25,2.2,2.23,2.2,2.21,2.2,0.01,0.4545,1220541.02,270006.697
601868.SH,2024-04-26,2.21,2.23,2.2,2.22,2.21,0.01,0.4525,1570809.65,347833.372
601868.SH,2024-04-29,2.22,2.24,2.21,2.23,2.22,0.01,0.4505,1778677.96,396213.469
601868.SH,2024-04-30,2.24,2.24,2.2,2.2,2.23,-0.03,-1.3453,1898734.38,420506.375
601868.SH,2024-05-06,2.22,2.23,2.21,2.21,2.2,0.01,0.4545,1568591.26,347784.859
601868.SH,2024-05-07,2.21,2.22,2.19,2.19,2.21,-0.02,-0.905,1678746.64,369439.432
601868.SH,2024-05-08,2.19,2.2,2.17,2.17,2.19,-0.02,-0.9132,1350798.91,294058.985
601868.SH,2024-05-09,2.17,2.2,2.16,2.19,2.17,0.02,0.9217,1550191.68,338565.94
601868.SH,2024-05-10,2.2,2.2,2.18,2.2,2.19,0.01,0.4566,1353448.88,296663.612
601868.SH,2024-05-13,2.2,2.23,2.18,2.22,2.2,0.02,0.9091,2479531.46,548296.681
601868.SH,2024-05-14,2.23,2.24,2.22,2.23,2.22,0.01,0.4505,1555780.79,346786.391
601868.SH,2024-05-15,2.22,2.23,2.21,2.22,2.23,-0.01,-0.4484,1067415.99,236576.413
601868.SH,2024-05-16,2.21,2.24,2.21,2.23,2.22,0.01,0.4505,1821413.96,405879.118
601868.SH,2024-05-17,2.23,2.25,2.22,2.25,2.23,0.02,0.8969,1888113.93,422995.03
601868.SH,2024-05-20,2.25,2.26,2.22,2.24,2.25,-0.01,-0.4444,2511999.8,563144.296
601868.SH,2024-05-21,2.24,2.25,2.22,2.24,2.24,0.0,0.0,2072283.34,463726.592
601868.SH,2024-05-22,2.24,2.26,2.23,2.25,2.24,0.01,0.4464,2090018.23,470080.226
601868.SH,2024-05-23,2.25,2.25,2.21,2.22,2.25,-0.03,-1.3333,1958969.85,436838.348
601868.SH,2024-05-24,2.22,2.24,2.21,2.23,2.22,0.01,0.4505,1549532.12,345069.432
601868.SH,2024-05-27,2.23,2.24,2.2,2.22,2.23,-0.01,-0.4484,2070092.87,459223.037
601868.SH,2024-05-28,2.22,2.23,2.2,2.2,2.22,-0.02,-0.9009,1618885.99,357945.471
601868.SH,2024-05-29,2.2,2.21,2.19,2.19,2.2,-0.01,-0.4545,928666.84,204166.518
601868.SH,2024-05-30,2.19,2.21,2.18,2.19,2.19,0.0,0.0,1339847.86,294632.76
601868.SH,2024-05-31,2.2,2.2,2.18,2.19,2.19,0.0,0.0,1199761.06,262755.083
601868.SH,2024-06-03,2.18,2.19,2.15,2.16,2.19,-0.03,-1.3699,2101081.93,455178.772
601868.SH,2024-06-04,2.16,2.18,2.14,2.17,2.16,0.01,0.463,1632938.89,353018.789
601868.SH,2024-06-05,2.17,2.19,2.16,2.17,2.17,0.0,0.0,1084536.59,235992.928
601868.SH,2024-06-06,2.17,2.18,2.15,2.15,2.17,-0.02,-0.9217,1374884.97,297142.058
601868.SH,2024-06-07,2.15,2.17,2.15,2.16,2.15,0.01,0.4651,1231995.34,266028.55
601868.SH,2024-06-11,2.16,2.17,2.14,2.14,2.16,-0.02,-0.9259,1211259.04,260254.188
601868.SH,2024-06-12,2.15,2.15,2.12,2.13,2.14,-0.01,-0.4673,1605023.52,341971.075
601868.SH,2024-06-13,2.13,2.14,2.1,2.11,2.13,-0.02,-0.939,1262969.61,266963.031
601868.SH,2024-06-14,2.11,2.12,2.1,2.12,2.11,0.01,0.4739,1611235.25,339922.325
601868.SH,2024-06-17,2.11,2.13,2.1,2.11,2.12,-0.01,-0.4717,1110473.54,234932.59
601868.SH,2024-06-18,2.11,2.15,2.1,2.14,2.11,0.03,1.4218,2028913.21,431467.445
601868.SH,2024-06-19,2.14,2.15,2.13,2.13,2.14,-0.01,-0.4673,1188617.97,254327.756
601868.SH,2024-06-20,2.13,2.14,2.1,2.11,2.13,-0.02,-0.939,1123237.73,237776.306
601868.SH,2024-06-21,2.11,2.13,2.1,2.12,2.11,0.01,0.4739,956576.28,202382.089
601868.SH,2024-06-24,2.11,2.12,2.08,2.1,2.12,-0.02,-0.9434,1357202.77,284891.766
601868.SH,2024-06-25,2.1,2.12,2.08,2.09,2.1,-0.01,-0.4762,1276221.77,267973.359
601868.SH,2024-06-26,2.09,2.1,2.07,2.1,2.09,0.01,0.4785,1316248.91,274678.221
601868.SH,2024-06-27,2.09,2.1,2.08,2.09,2.1,-0.01,-0.4762,966393.65,202280.656
601868.SH,2024-06-28,2.09,2.13,2.08,2.12,2.09,0.03,1.4354,1585722.49,335090.881
601868.SH,2024-07-01,2.12,2.16,2.11,2.15,2.12,0.03,1.4151,1841934.49,394018.415
601868.SH,2024-07-02,2.15,2.15,2.13,2.14,2.15,-0.01,-0.4651,1292671.33,276604.662
601868.SH,2024-07-03,2.14,2.15,2.12,2.12,2.14,-0.02,-0.9346,1026053.83,218830.212
601868.SH,2024-07-04,2.13,2.14,2.11,2.12,2.12,0.0,0.0,1035653.29,219972.583
601868.SH,2024-07-05,2.11,2.12,2.09,2.11,2.12,-0.01,-0.4717,1215537.82,255945.555
601868.SH,2024-07-08,2.11,2.12,2.09,2.1,2.11,-0.01,-0.4739,982626.0,206113.808
601868.SH,2024-07-09,2.09,2.12,2.08,2.11,2.1,0.01,0.4762,1404040.29,294653.318
601868.SH,2024-07-10,2.11,2.12,2.09,2.1,2.11,-0.01,-0.4739,937460.77,197429.527
601868.SH,2024-07-11,2.11,2.13,2.1,2.13,2.1,0.03,1.4286,1490439.15,315716.564
601868.SH,2024-07-12,2.13,2.15,2.12,2.13,2.13,0.0,0.0,1321274.71,281909.366
601868.SH,2024-07-15,2.13,2.14,2.12,2.13,2.13,0.0,0.0,838323.9,178679.876
601868.SH,2024-07-16,2.13,2.15,2.13,2.15,2.13,0.02,0.939,1104667.44,236901.663
601868.SH,2024-07-17,2.15,2.16,2.14,2.15,2.15,0.0,0.0,1344278.41,288981.933
601868.SH,2024-07-18,2.15,2.16,2.13,2.16,2.15,0.01,0.4651,1282499.99,275338.458
601868.SH,2024-07-19,2.15,2.16,2.14,2.15,2.16,-0.01,-0.463,1220164.97,262769.151
601868.SH,2024-07-22,2.15,2.16,2.14,2.15,2.15,0.0,0.0,974286.06,209449.797
601868.SH,2024-07-23,2.15,2.16,2.13,2.13,2.15,-0.02,-0.9302,1472203.67,316202.853
601868.SH,2024-07-24,2.13,2.15,2.12,2.14,2.13,0.01,0.4695,1289566.72,275485.973
601868.SH,2024-07-25,2.14,2.17,2.13,2.17,2.14,0.03,1.4019,1605227.75,346628.669
601868.SH,2024-07-26,2.17,2.18,2.16,2.18,2.17,0.01,0.4608,1208687.03,262168.312
601868.SH,2024-07-29,2.18,2.21,2.17,2.21,2.18,0.03,1.3761,1611570.75,354000.423
601868.SH,2024-07-30,2.21,2.22,2.19,2.22,2.21,0.01,0.4525,1481354.97,327294.306
601868.SH,2024-07-31,2.22,2.24,2.2,2.21,2.22,-0.01,-0.4505,1863768.87,413477.646
601868.SH,2024-08-01,2.21,2.26,2.21,2.25,2.21,0.04,1.81,2644908.62,593436.25
601868.SH,2024-08-02,2.24,2.26,2.23,2.24,2.25,-0.01,-0.4444,1873242.2,420201.085
601868.SH,2024-08-05,2.24,2.27,2.22,2.23,2.24,-0.01,-0.4464,2117641.22,475992.551
601868.SH,2024-08-06,2.23,2.25,2.21,2.22,2.23,-0.01,-0.4484,1798727.89,399956.955
601868.SH,2024-08-07,2.23,2.25,2.22,2.24,2.22,0.02,0.9009,1546181.36,346385.018
601868.SH,2024-08-08,2.24,2.25,2.23,2.23,2.24,-0.01,-0.4464,1117858.57,250260.054
601868.SH,2024-08-09,2.24,2.25,2.23,2.23,2.23,0.0,0.0,989436.41,221418.93
601868.SH,2024-08-12,2.23,2.25,2.21,2.22,2.23,-0.01,-0.4484,1098402.18,244855.459
601868.SH,2024-08-13,2.22,2.23,2.2,2.23,2.22,0.01,0.4505,1243072.25,275769.699
601868.SH,2024-08-14,2.24,2.27,2.23,2.24,2.23,0.01,0.4484,1776554.33,399480.755
601868.SH,2024-08-15,2.22,2.25,2.21,2.25,2.21,0.04,1.81,1952078.25,436616.234
601868.SH,2024-08-16,2.25,2.27,2.23,2.24,2.25,-0.01,-0.4444,1311552.07,294569.624
601868.SH,2024-08-19,2.24,2.25,2.22,2.24,2.24,0.0,0.0,1506280.26,337239.35
601868.SH,2024-08-20,2.24,2.25,2.22,2.23,2.24,-0.01,-0.4464,1170529.16,261189.758
601868.SH,2024-08-21,2.22,2.23,2.21,2.21,2.23,-0.02,-0.8969,1035566.38,229637.116
601868.SH,2024-08-22,2.22,2.22,2.2,2.2,2.21,-0.01,-0.4525,790798.64,174774.94
601868.SH,2024-08-23,2.21,2.21,2.18,2.19,2.2,-0.01,-0.4545,1128168.08,247293.085
601868.SH,2024-08-26,2.19,2.23,2.19,2.22,2.19,0.03,1.3699,1393396.39,307971.299
601868.SH,2024-08-27,2.21,2.22,2.16,2.18,2.22,-0.04,-1.8018,1530903.63,334067.172
601868.SH,2024-08-28,2.17,2.19,2.16,2.17,2.18,-0.01,-0.4587,994951.93,216417.266
601868.SH,2024-08-29,2.17,2.17,2.12,2.13,2.17,-0.04,-1.8433,1982866.06,424010.359
601868.SH,2024-08-30,2.13,2.15,2.11,2.13,2.13,0.0,0.0,1767953.83,377475.158
601868.SH,2024-09-02,2.13,2.14,2.08,2.08,2.13,-0.05,-2.3474,2210286.13,463493.232
601868.SH,2024-09-03,2.09,2.1,2.07,2.09,2.08,0.01,0.4808,1260429.66,262514.507
601868.SH,2024-09-04,2.08,2.09,2.06,2.07,2.09,-0.02,-0.9569,1428148.21,296124.056
601868.SH,2024-09-05,2.07,2.09,2.06,2.08,2.07,0.01,0.4831,1588098.74,328765.348
601868.SH,2024-09-06,2.08,2.09,2.06,2.06,2.08,-0.02,-0.9615,1083717.96,224858.498
601868.SH,2024-09-09,2.06,2.07,2.03,2.04,2.06,-0.02,-0.9709,1491251.45,305199.068
601868.SH,2024-09-10,2.04,2.06,2.03,2.05,2.04,0.01,0.4902,1218931.6,248893.422
601868.SH,2024-09-11,2.05,2.05,2.02,2.03,2.05,-0.02,-0.9756,1135126.9,230945.668
601868.SH,2024-09-12,2.04,2.05,2.03,2.03,2.03,0.0,0.0,976691.74,199011.742
601868.SH,2024-09-13,2.03,2.05,2.03,2.03,2.03,0.0,0.0,724012.74,147411.47
601868.SH,2024-09-18,2.03,2.04,2.01,2.04,2.03,0.01,0.4926,1133931.04,229702.481
601868.SH,2024-09-19,2.04,2.07,2.03,2.05,2.04,0.01,0.4902,1417667.13,290454.729
601868.SH,2024-09-20,2.06,2.06,2.03,2.05,2.05,0.0,0.0,1165612.8,238177.809
601868.SH,2024-09-23,2.04,2.06,2.03,2.04,2.05,-0.01,-0.4878,874375.96,178873.801
601868.SH,2024-09-24,2.05,2.1,2.04,2.09,2.04,0.05,2.451,2349911.14,487022.955
601868.SH,2024-09-25,2.11,2.19,2.11,2.14,2.09,0.05,2.3923,3453436.19,741978.49
601868.SH,2024-09-26,2.13,2.21,2.13,2.21,2.14,0.07,3.271,3299612.24,717480.23
601868.SH,2024-09-27,2.24,2.27,2.21,2.24,2.21,0.03,1.3575,2868113.99,641068.05
601868.SH,2024-09-30,2.3,2.43,2.28,2.41,2.24,0.17,7.5893,8438220.6,1992820.619
601868.SH,2024-10-08,2.64,2.65,2.39,2.45,2.41,0.04,1.6598,10313817.95,2584475.648
601868.SH,2024-10-09,2.42,2.42,2.23,2.25,2.45,-0.2,-8.1633,7146781.09,1651051.185
601868.SH,2024-10-10,2.27,2.48,2.25,2.45,2.25,0.2,8.8889,13775556.69,3328300.16
601868.SH,2024-10-11,2.38,2.39,2.29,2.31,2.45,-0.14,-5.7143,7921796.45,1855849.357
601868.SH,2024-10-14,2.33,2.38,2.3,2.35,2.31,0.04,1.7316,4794722.99,1121347.718
601868.SH,2024-10-15,2.37,2.43,2.33,2.34,2.35,-0.01,-0.4255,5869289.75,1399606.603
601868.SH,2024-10-16,2.31,2.38,2.3,2.36,2.34,0.02,0.8547,4011791.3,946096.25
601868.SH,2024-10-17,2.36,2.38,2.3,2.31,2.36,-0.05,-2.1186,3885770.07,906554.293
601868.SH,2024-10-18,2.31,2.38,2.28,2.34,2.31,0.03,1.2987,4540194.66,1055124.551
601868.SH,2024-10-21,2.36,2.37,2.33,2.35,2.34,0.01,0.4274,3742717.87,879947.064
601868.SH,2024-10-22,2.35,2.35,2.33,2.35,2.35,0.0,0.0,2252304.55,527067.937
601868.SH,2024-10-23,2.35,2.4,2.34,2.36,2.35,0.01,0.4255,4094793.01,970099.667
601868.SH,2024-10-24,2.36,2.36,2.32,2.34,2.36,-0.02,-0.8475,2288305.28,535083.068
601868.SH,2024-10-25,2.33,2.35,2.33,2.34,2.34,0.0,0.0,2433052.48,568944.733
601868.SH,2024-10-28,2.34,2.37,2.33,2.37,2.34,0.03,1.2821,3507209.92,826294.121
601868.SH,2024-10-29,2.37,2.38,2.32,2.33,2.37,-0.04,-1.6878,3176115.81,744354.205
601868.SH,2024-10-30,2.32,2.35,2.3,2.33,2.33,0.0,0.0,2776112.87,645520.463
601868.SH,2024-10-31,2.33,2.36,2.32,2.34,2.33,0.01,0.4292,3666955.97,858481.752
601868.SH,2024-11-01,2.35,2.46,2.34,2.38,2.34,0.04,1.7094,7968807.32,1907672.509
601868.SH,2024-11-04,2.39,2.42,2.37,2.41,2.38,0.03,1.2605,4465869.3,1069443.01
601868.SH,2024-11-05,2.42,2.51,2.41,2.5,2.41,0.09,3.7344,6399211.88,1576537.833
601868.SH,2024-11-06,2.5,2.51,2.45,2.5,2.5,0.0,0.0,5478236.84,1358068.744
601868.SH,2024-11-07,2.48,2.58,2.47,2.58,2.5,0.08,3.2,6373469.84,1619468.297
601868.SH,2024-11-08,2.6,2.62,2.5,2.51,2.58,-0.07,-2.7132,6029877.11,1530572.557
601868.SH,2024-11-11,2.5,2.52,2.45,2.47,2.51,-0.04,-1.5936,3776238.44,935538.385
601868.SH,2024-11-12,2.47,2.52,2.44,2.46,2.47,-0.01,-0.4049,4922730.18,1221605.254
601868.SH,2024-11-13,2.44,2.5,2.44,2.47,2.46,0.01,0.4065,3641043.77,900074.783
601868.SH,2024-11-14,2.47,2.47,2.42,2.43,2.47,-0.04,-1.6194,3232238.51,791606.401
601868.SH,2024-11-15,2.42,2.45,2.4,2.4,2.43,-0.03,-1.2346,3174193.04,771118.094
601868.SH,2024-11-18,2.43,2.52,2.42,2.44,2.4,0.04,1.6667,7130537.81,1762216.161
601868.SH,2024-11-19,2.43,2.44,2.36,2.4,2.44,-0.04,-1.6393,4484763.22,1073612.551
601868.SH,2024-11-20,2.4,2.41,2.38,2.4,2.4,0.0,0.0,2687432.56,644021.171
601868.SH,2024-11-21,2.4,2.42,2.38,2.39,2.4,-0.01,-0.4167,2114704.22,506222.702
601868.SH,2024-11-22,2.39,2.4,2.33,2.33,2.39,-0.06,-2.5105,3216060.59,759548.771
601868.SH,2024-11-25,2.33,2.34,2.29,2.32,2.33,-0.01,-0.4292,3098690.81,718395.408
601868.SH,2024-11-26,2.32,2.33,2.3,2.31,2.32,-0.01,-0.431,1899414.44,439809.62
601868.SH,2024-11-27,2.3,2.34,2.28,2.33,2.31,0.02,0.8658,2723525.21,628016.258
601868.SH,2024-11-28,2.33,2.35,2.31,2.33,2.33,0.0,0.0,2687108.3,626425.653
601868.SH,2024-11-29,2.32,2.35,2.32,2.34,2.33,0.01,0.4292,2408736.52,562823.473
601868.SH,2024-12-02,2.34,2.38,2.33,2.37,2.34,0.03,1.2821,3211753.12,757144.445
601868.SH,2024-12-03,2.37,2.39,2.35,2.38,2.37,0.01,0.4219,2404268.92,569424.824
601868.SH,2024-12-04,2.37,2.38,2.34,2.35,2.38,-0.03,-1.2605,2219117.08,522467.175
601868.SH,2024-12-05,2.34,2.36,2.33,2.35,2.35,0.0,0.0,1816513.82,425863.006
601868.SH,2024-12-06,2.35,2.41,2.34,2.4,2.35,0.05,2.1277,4570365.97,1091916.178
601868.SH,2024-12-09,2.41,2.44,2.38,2.4,2.4,0.0,0.0,3645859.32,878803.533
601868.SH,2024-12-10,2.45,2.46,2.39,2.39,2.4,-0.01,-0.4167,3599763.1,870397.989
601868.SH,2024-12-11,2.39,2.42,2.38,2.4,2.39,0.01,0.4184,2686917.79,645830.286
601868.SH,2024-12-12,2.41,2.42,2.39,2.41,2.4,0.01,0.4167,3157223.03,759080.89
601868.SH,2024-12-13,2.4,2.41,2.35,2.36,2.41,-0.05,-2.0747,3411599.69,808605.492
601868.SH,2024-12-16,2.35,2.37,2.34,2.36,2.36,0.0,0.0,2030442.38,478411.275
601868.SH,2024-12-17,2.36,2.36,2.31,2.31,2.36,-0.05,-2.1186,2859358.3,665882.988
601868.SH,2024-12-18,2.34,2.38,2.32,2.33,2.31,0.02,0.8658,2953130.63,692743.925
601868.SH,2024-12-19,2.31,2.35,2.3,2.34,2.33,0.01,0.4292,2517544.41,584796.484
601868.SH,2024-12-20,2.34,2.35,2.31,2.32,2.34,-0.02,-0.8547,2061652.09,479478.177
601868.SH,2024-12-23,2.32,2.34,2.31,2.32,2.32,0.0,0.0,2548615.43,593053.435
601868.SH,2024-12-24,2.32,2.36,2.32,2.36,2.32,0.04,1.7241,2852852.89,668335.516
601868.SH,2024-12-25,2.37,2.37,2.33,2.34,2.36,-0.02,-0.8475,2396288.91,561942.111
601868.SH,2024-12-26,2.34,2.34,2.31,2.32,2.34,-0.02,-0.8547,1824525.07,424045.64
601868.SH,2024-12-27,2.33,2.34,2.31,2.33,2.32,0.01,0.431,2164577.44,503868.631
601868.SH,2024-12-30,2.33,2.34,2.32,2.33,2.33,0.0,0.0,1497579.76,348562.201
601868.SH,2024-12-31,2.32,2.34,2.29,2.29,2.33,-0.04,-1.7167,2708558.97,625733.743
601868.SH,2025-01-02,2.29,2.3,2.2,2.22,2.29,-0.07,-3.0568,3967022.79,892458.507
601868.SH,2025-01-03,2.22,2.23,2.18,2.19,2.22,-0.03,-1.3514,2709913.95,598357.529
601868.SH,2025-01-06,2.19,2.21,2.18,2.2,2.19,0.01,0.4566,1911954.88,420020.208
601868.SH,2025-01-07,2.2,2.21,2.19,2.21,2.2,0.01,0.4545,1608779.4,354093.159
601868.SH,2025-01-08,2.21,2.23,2.19,2.22,2.21,0.01,0.4525,2536433.96,559239.377
601868.SH,2025-01-09,2.21,2.22,2.19,2.2,2.22,-0.02,-0.9009,1579704.03,347802.366
601868.SH,2025-01-10,2.2,2.21,2.18,2.18,2.2,-0.02,-0.9091,1567627.99,344075.209
601868.SH,2025-01-13,2.17,2.19,2.16,2.18,2.18,0.0,0.0,1725017.56,374969.313
601868.SH,2025-01-14,2.18,2.23,2.17,2.23,2.18,0.05,2.2936,2471086.8,545680.746
601868.SH,2025-01-15,2.23,2.25,2.22,2.23,2.23,0.0,0.0,2024619.25,452187.21
601868.SH,2025-01-16,2.24,2.27,2.23,2.24,2.23,0.01,0.4484,1950843.55,438683.045
601868.SH,2025-01-17,2.24,2.27,2.23,2.26,2.24,0.02,0.8929,1648982.24,371292.42
601868.SH,2025-01-20,2.26,2.28,2.23,2.23,2.25,-0.02,-0.8889,1789985.47,402960.543
601868.SH,2025-01-21,2.24,2.25,2.22,2.23,2.23,0.0,0.0,1456883.85,325430.305
601868.SH,2025-01-22,2.23,2.23,2.2,2.21,2.23,-0.02,-0.8969,1391021.6,307976.383
601868.SH,2025-01-23,2.23,2.26,2.22,2.23,2.21,0.02,0.905,1861419.66,417245.974
601868.SH,2025-01-24,2.22,2.25,2.22,2.24,2.23,0.01,0.4484,1631165.36,364946.644
601868.SH,2025-01-27,2.24,2.27,2.24,2.25,2.24,0.01,0.4464,1736207.06,391313.25
601868.SH,2025-02-05,2.26,2.26,2.22,2.22,2.25,-0.03,-1.3333,1422434.9,317530.884
601868.SH,2025-02-06,2.23,2.25,2.22,2.24,2.22,0.02,0.9009,1517408.63,339072.33
601868.SH,2025-02-07,2.24,2.28,2.23,2.26,2.24,0.02,0.8929,2855461.61,644222.404
601868.SH,2025-02-10,2.26,2.29,2.25,2.27,2.26,0.01,0.4425,2502576.86,568530.683
601868.SH,2025-02-11,2.27,2.28,2.25,2.28,2.27,0.01,0.4405,1797664.46,406979.603
601868.SH,2025-02-12,2.27,2.28,2.25,2.28,2.28,0.0,0.0,1918113.32,434367.47
601868.SH,2025-02-13,2.27,2.29,2.26,2.26,2.28,-0.02,-0.8772,2034251.25,462879.968
601868.SH,2025-02-14,2.27,2.28,2.25,2.26,2.26,0.0,0.0,1463824.64,331506.81
601868.SH,2025-02-17,2.27,2.28,2.26,2.27,2.26,0.01,0.4425,2087396.9,474167.461
601868.SH,2025-02-18,2.28,2.28,2.24,2.25,2.27,-0.02,-0.8811,1965754.7,444940.479
601868.SH,2025-02-19,2.25,2.27,2.24,2.25,2.25,0.0,0.0,1852840.25,417572.682
601868.SH,2025-02-20,2.25,2.26,2.21,2.22,2.25,-0.03,-1.3333,2500415.32,556872.69
601868.SH,2025-02-21,2.23,2.24,2.2,2.23,2.22,0.01,0.4505,2659492.18,591290.965
601868.SH,2025-02-24,2.23,2.37,2.22,2.31,2.23,0.08,3.5874,6659311.63,1539523.865
601868.SH,2025-02-25,2.3,2.31,2.27,2.29,2.31,-0.02,-0.8658,2757292.05,631478.04
601868.SH,2025-02-26,2.29,2.35,2.29,2.32,2.29,0.03,1.31,3454174.88,803010.42
601868.SH,2025-02-27,2.32,2.34,2.29,2.32,2.32,0.0,0.0,2646016.09,611822.995
601868.SH,2025-02-28,2.32,2.34,2.29,2.3,2.32,-0.02,-0.8621,2894734.01,670755.716
601868.SH,2025-03-03,2.3,2.32,2.28,2.29,2.3,-0.01,-0.4348,2755001.76,633879.345
601868.SH,2025-03-04,2.29,2.34,2.28,2.33,2.29,0.04,1.7467,3103409.47,718643.598
601868.SH,2025-03-05,2.34,2.35,2.31,2.33,2.33,0.0,0.0,2203643.5,513032.537
601868.SH,2025-03-06,2.34,2.34,2.31,2.32,2.33,-0.01,-0.4292,2728817.82,633555.366
601868.SH,2025-03-07,2.32,2.34,2.3,2.31,2.32,-0.01,-0.431,2198427.68,510101.759
601868.SH,2025-03-10,2.31,2.32,2.28,2.29,2.31,-0.02,-0.8658,1968360.29,451556.818
601868.SH,2025-03-11,2.28,2.3,2.27,2.3,2.29,0.01,0.4367,1452080.79,332273.924
601868.SH,2025-03-12,2.3,2.34,2.29,2.31,2.3,0.01,0.4348,2493902.24,577935.962
601868.SH,2025-03-13,2.31,2.32,2.28,2.29,2.31,-0.02,-0.8658,2166839.58,497223.703
601868.SH,2025-03-14,2.29,2.32,2.28,2.31,2.29,0.02,0.8734,2450322.21,564469.391
601868.SH,2025-03-17,2.32,2.35,2.31,2.33,2.31,0.02,0.8658,3137626.88,731874.246
601868.SH,2025-03-18,2.34,2.34,2.3,2.31,2.33,-0.02,-0.8584,1999317.37,463135.658
601868.SH,2025-03-19,2.31,2.32,2.3,2.31,2.31,0.0,0.0,1474094.29,340190.685
601868.SH,2025-03-20,2.31,2.32,2.3,2.3,2.31,-0.01,-0.4329,1393884.82,321774.741
601868.SH,2025-03-21,2.3,2.34,2.3,2.31,2.3,0.01,0.4348,3681949.13,854649.091
601868.SH,2025-03-24,2.31,2.32,2.27,2.3,2.31,-0.01,-0.4329,2811841.0,644550.048
601868.SH,2025-03-25,2.3,2.34,2.28,2.33,2.3,0.03,1.3043,3918960.04,909728.745
601868.SH,2025-03-26,2.33,2.34,2.32,2.33,2.33,0.0,0.0,2060371.06,479998.317
601868.SH,2025-03-27,2.33,2.33,2.3,2.3,2.33,-0.03,-1.2876,2730473.86,631157.231
601868.SH,2025-03-28,2.3,2.31,2.27,2.28,2.3,-0.02,-0.8696,2282424.86,521203.723
601868.SH,2025-03-31,2.28,2.31,2.26,2.27,2.28,-0.01,-0.4386,2669754.47,609636.929
601868.SH,2025-04-01,2.27,2.29,2.27,2.29,2.27,0.02,0.8811,1872514.06,427219.415
601868.SH,2025-04-02,2.29,2.3,2.28,2.29,2.29,0.0,0.0,1218395.9,278842.289
601868.SH,2025-04-03,2.28,2.31,2.27,2.3,2.29,0.01,0.4367,2498817.03,574089.934
601868.SH,2025-04-07,2.26,2.27,2.13,2.17,2.3,-0.13,-5.6522,5812131.12,1273864.972
601868.SH,2025-04-08,2.17,2.27,2.17,2.27,2.17,0.1,4.6083,4536784.22,1012170.207
601868.SH,2025-04-09,2.27,2.3,2.22,2.3,2.27,0.03,1.3216,4162642.15,941193.74
601868.SH,2025-04-10,2.31,2.32,2.27,2.29,2.3,-0.01,-0.4348,2904411.66,665225.329
601868.SH,2025-04-11,2.29,2.29,2.27,2.28,2.29,-0.01,-0.4367,2148179.87,489959.547
601868.SH,2025-04-14,2.29,2.29,2.27,2.28,2.28,0.0,0.0,1804510.73,411156.215
601868.SH,2025-04-15,2.27,2.28,2.25,2.26,2.28,-0.02,-0.8772,1780036.61,402051.275
601868.SH,2025-04-16,2.26,2.27,2.23,2.27,2.26,0.01,0.4425,2443861.76,550671.68
601868.SH,2025-04-17,2.26,2.28,2.25,2.26,2.27,-0.01,-0.4405,1737117.13,392747.139
601868.SH,2025-04-18,2.26,2.27,2.25,2.27,2.26,0.01,0.4425,1184904.49,267707.756
601868.SH,2025-04-21,2.26,2.27,2.25,2.25,2.27,-0.02,-0.8811,1315814.77,296910.904
601868.SH,2025-04-22,2.26,2.27,2.24,2.25,2.25,0.0,0.0,1629168.54,367026.393
601868.SH,2025-04-23,2.25,2.26,2.23,2.23,2.25,-0.02,-0.8889,1825109.77,409184.453
601868.SH,2025-04-24,2.24,2.26,2.23,2.24,2.23,0.01,0.4484,1855109.94,416372.55
601868.SH,2025-04-25,2.24,2.26,2.24,2.24,2.24,0.0,0.0,1335010.6,300031.491
601868.SH,2025-04-28,2.25,2.25,2.23,2.23,2.24,-0.01,-0.4464,1278501.44,286153.949
601868.SH,2025-04-29,2.23,2.24,2.22,2.22,2.23,-0.01,-0.4484,1528020.73,340148.8
601868.SH,2025-04-30,2.22,2.23,2.2,2.2,2.22,-0.02,-0.9009,1878866.39,415839.037
601868.SH,2025-05-06,2.21,2.23,2.2,2.22,2.2,0.02,0.9091,1750484.42,388266.338
601868.SH,2025-05-07,2.24,2.25,2.22,2.23,2.22,0.01,0.4505,1919135.04,428608.425
601868.SH,2025-05-08,2.23,2.25,2.22,2.23,2.23,0.0,0.0,1354535.15,302973.123
601868.SH,2025-05-09,2.24,2.24,2.22,2.22,2.23,-0.01,-0.4484,1095723.04,243990.86
601868.SH,2025-05-12,2.23,2.24,2.22,2.23,2.22,0.01,0.4505,1661042.63,370438.723
601868.SH,2025-05-13,2.24,2.25,2.23,2.24,2.23,0.01,0.4484,1575003.24,353075.393
601868.SH,2025-05-14,2.24,2.26,2.23,2.25,2.24,0.01,0.4464,2868895.98,644489.483
601868.SH,2025-05-15,2.25,2.26,2.23,2.24,2.25,-0.01,-0.4444,2598120.33,583223.607
601868.SH,2025-05-16,2.24,2.25,2.22,2.23,2.24,-0.01,-0.4464,2344174.41,522740.033
601868.SH,2025-05-19,2.22,2.24,2.22,2.24,2.23,0.01,0.4484,1184783.39,264490.907
601868.SH,2025-05-20,2.24,2.24,2.22,2.23,2.24,-0.01,-0.4464,1342842.91,299771.339
601868.SH,2025-05-21,2.24,2.25,2.23,2.23,2.23,0.0,0.0,1434537.47,321051.943
601868.SH,2025-05-22,2.23,2.24,2.22,2.22,2.23,-0.01,-0.4484,1259911.03,280401.768
601868.SH,2025-05-23,2.22,2.23,2.2,2.21,2.22,-0.01,-0.4505,1812478.64,401604.968
601868.SH,2025-05-26,2.21,2.23,2.2,2.23,2.21,0.02,0.905,1684530.69,374017.414
601868.SH,2025-05-27,2.23,2.24,2.21,2.23,2.23,0.0,0.0,1668356.07,371713.661
601868.SH,2025-05-28,2.23,2.24,2.22,2.22,2.23,-0.01,-0.4484,838118.42,186592.438
601868.SH,2025-05-29,2.23,2.24,2.22,2.23,2.22,0.01,0.4505,1454558.6,324275.756
601868.SH,2025-05-30,2.23,2.24,2.22,2.23,2.23,0.0,0.0,1260153.17,280931.833
601868.SH,2025-06-03,2.22,2.23,2.22,2.22,2.23,-0.01,-0.4484,1025240.04,228024.21
601868.SH,2025-06-04,2.23,2.24,2.22,2.23,2.22,0.01,0.4505,1263606.96,281894.572
601868.SH,2025-06-05,2.24,2.24,2.22,2.23,2.23,0.0,0.0,1087098.44,242255.937
601868.SH,2025-06-06,2.22,2.26,2.22,2.24,2.23,0.01,0.4484,2984204.95,669133.157
601868.SH,2025-06-09,2.24,2.25,2.23,2.24,2.24,0.0,0.0,1891652.08,424019.171
601868.SH,2025-06-10,2.24,2.25,2.22,2.23,2.24,-0.01,-0.4464,1865302.68,416211.576
601868.SH,2025-06-11,2.23,2.25,2.22,2.24,2.23,0.01,0.4484,2066716.15,462295.563
601868.SH,2025-06-12,2.24,2.24,2.22,2.23,2.24,-0.01,-0.4464,1691265.52,377425.958
601868.SH,2025-06-13,2.23,2.24,2.22,2.23,2.23,0.0,0.0,1352291.23,301750.774
601868.SH,2025-06-16,2.23,2.24,2.22,2.23,2.23,0.0,0.0,1113906.94,248488.903
601868.SH,2025-06-17,2.24,2.25,2.22,2.25,2.23,0.02,0.8969,2266985.11,507343.58
601868.SH,2025-06-18,2.24,2.25,2.23,2.23,2.25,-0.02,-0.8889,1176141.0,262829.774
601868.SH,2025-06-19,2.23,2.24,2.2,2.21,2.23,-0.02,-0.8969,2458895.31,544907.316
601868.SH,2025-06-20,2.21,2.22,2.2,2.21,2.21,0.0,0.0,1167096.52,257924.329
601868.SH,2025-06-23,2.2,2.22,2.2,2.21,2.21,0.0,0.0,1684679.03,371682.234
601868.SH,2025-06-24,2.21,2.23,2.21,2.23,2.21,0.02,0.905,1895201.14,420791.856
601868.SH,2025-06-25,2.23,2.24,2.21,2.23,2.23,0.0,0.0,2172900.6,483778.932
601868.SH,2025-06-26,2.23,2.24,2.22,2.23,2.23,0.0,0.0,1555401.8,347159.598
601868.SH,2025-06-27,2.23,2.24,2.22,2.22,2.23,-0.01,-0.4484,1229534.17,274000.029
601868.SH,2025-06-30,2.22,2.23,2.21,2.23,2.22,0.01,0.4505,1603842.94,356437.49
601868.SH,2025-07-01,2.23,2.23,2.22,2.22,2.23,-0.01,-0.4484,1061347.83,235868.703
601868.SH,2025-07-02,2.22,2.24,2.22,2.23,2.22,0.01,0.4505,2245842.59,501112.11
601868.SH,2025-07-03,2.23,2.24,2.23,2.23,2.23,0.0,0.0,1123136.17,250856.664
601868.SH,2025-07-04,2.23,2.25,2.23,2.24,2.23,0.01,0.4484,2369736.81,530589.094
601868.SH,2025-07-07,2.24,2.27,2.23,2.26,2.24,0.02,0.8929,3075636.42,692639.101
601868.SH,2025-07-08,2.26,2.28,2.26,2.27,2.26,0.01,0.4425,2424428.09,550108.922
601868.SH,2025-07-09,2.27,2.29,2.26,2.27,2.27,0.0,0.0,3175378.21,723530.484
601868.SH,2025-07-10,2.28,2.33,2.27,2.31,2.27,0.04,1.7621,4774863.68,1102500.552
601868.SH,2025-07-11,2.31,2.33,2.3,2.3,2.31,-0.01,-0.4329,3710878.47,858783.594
601868.SH,2025-07-14,2.3,2.35,2.29,2.33,2.3,0.03,1.3043,3955124.66,920730.077
601868.SH,2025-07-15,2.33,2.34,2.3,2.32,2.33,-0.01,-0.4292,3051665.25,706763.003
601868.SH,2025-07-16,2.32,2.33,2.29,2.3,2.32,-0.02,-0.8621,2207769.25,509878.928
601868.SH,2025-07-17,2.31,2.31,2.27,2.29,2.3,-0.01,-0.4348,2205188.27,504791.44
601868.SH,2025-07-18,2.3,2.33,2.29,2.32,2.29,0.03,1.31,3143629.87,727097.356
601868.SH,2025-07-21,2.55,2.55,2.55,2.55,2.32,0.23,9.9138,3542175.32,903254.707
601868.SH,2025-07-22,2.81,2.81,2.81,2.81,2.55,0.26,10.1961,2851099.05,801158.833
601868.SH,2025-07-23,3.09,3.09,2.87,2.9,2.81,0.09,3.2028,20999882.69,6303465.14
601868.SH,2025-07-24,2.8,3.08,2.68,3.01,2.9,0.11,3.7931,35636947.48,10318824.139
601868.SH,2025-07-25,2.9,2.92,2.71,2.72,3.01,-0.29,-9.6346,21245959.86,5958275.804
601868.SH,2025-07-28,2.68,2.75,2.66,2.67,2.72,-0.05,-1.8382,9660081.74,2597333.309
601868.SH,2025-07-29,2.68,2.72,2.59,2.69,2.67,0.02,0.7491,12468794.01,3298863.526
601868.SH,2025-07-30,2.65,2.67,2.6,2.61,2.69,-0.08,-2.974,7024660.75,1845344.624
601868.SH,2025-07-31,2.59,2.63,2.58,2.59,2.61,-0.02,-0.7663,5911277.69,1535390.505
601868.SH,2025-08-01,2.58,2.6,2.56,2.57,2.59,-0.02,-0.7722,4009793.16,1034041.296
601868.SH,2025-08-04,2.55,2.58,2.54,2.56,2.57,-0.01,-0.3891,3958315.0,1011046.492
601868.SH,2025-08-05,2.56,2.58,2.55,2.57,2.56,0.01,0.3906,3314868.29,851257.354
601868.SH,2025-08-06,2.57,2.57,2.53,2.54,2.57,-0.03,-1.1673,4152094.11,1056281.145
601868.SH,2025-08-07,2.55,2.56,2.52,2.54,2.54,0.0,0.0,3467866.14,880487.858
601868.SH,2025-08-08,2.54,2.59,2.53,2.57,2.54,0.03,1.1811,5083017.27,1303361.017
601868.SH,2025-08-11,2.58,2.59,2.55,2.57,2.57,0.0,0.0,3937049.48,1012377.367
601868.SH,2025-08-12,2.57,2.57,2.53,2.54,2.57,-0.03,-1.1673,2996600.84,763180.745
601868.SH,2025-08-13,2.54,2.55,2.53,2.53,2.54,-0.01,-0.3937,3106347.95,788144.18
601868.SH,2025-08-14,2.53,2.55,2.5,2.5,2.53,-0.03,-1.1858,3797984.01,958073.609
601868.SH,2025-08-15,2.48,2.49,2.47,2.47,2.47,0.0,0.0,3061923.69,758924.371
601868.SH,2025-08-18,2.48,2.52,2.47,2.5,2.47,0.03,1.2146,4051508.78,1014174.316
601868.SH,2025-08-19,2.51,2.52,2.48,2.49,2.5,-0.01,-0.4,3632245.29,908329.386
601868.SH,2025-08-20,2.48,2.49,2.46,2.49,2.49,0.0,0.0,3677635.2,910491.759
601868.SH,2025-08-21,2.5,2.54,2.49,2.5,2.49,0.01,0.4016,4446722.97,1119490.883
601868.SH,2025-08-22,2.51,2.52,2.48,2.52,2.5,0.02,0.8,3462780.06,865975.699
601868.SH,2025-08-25,2.52,2.58,2.52,2.57,2.52,0.05,1.9841,6709572.23,1714840.163
601868.SH,2025-08-26,2.57,2.57,2.54,2.56,2.57,-0.01,-0.3891,3116572.93,795251.665
601868.SH,2025-08-27,2.56,2.56,2.48,2.48,2.56,-0.08,-3.125,6334631.53,1594815.234
601868.SH,2025-08-28,2.48,2.49,2.42,2.47,2.48,-0.01,-0.4032,5421879.78,1334634.797
601868.SH,2025-08-29,2.46,2.52,2.44,2.45,2.47,-0.02,-0.8097,5424373.94,1342158.756
601868.SH,2025-09-01,2.45,2.46,2.42,2.43,2.45,-0.02,-0.8163,3771022.34,918435.857
601868.SH,2025-09-02,2.44,2.46,2.41,2.44,2.43,0.01,0.4115,4604716.14,1121400.604
601868.SH,2025-09-03,2.44,2.45,2.39,2.4,2.44,-0.04,-1.6393,3514879.08,847974.702
601868.SH,2025-09-04,2.39,2.41,2.37,2.39,2.4,-0.01,-0.4167,3327079.09,795240.31
601868.SH,2025-09-05,2.39,2.41,2.37,2.4,2.39,0.01,0.4184,2984687.48,713464.837
601868.SH,2025-09-08,2.4,2.43,2.39,2.42,2.4,0.02,0.8333,2765058.68,667381.524
601868.SH,2025-09-09,2.41,2.42,2.38,2.39,2.42,-0.03,-1.2397,2334123.85,559119.128
601868.SH,2025-09-10,2.39,2.4,2.38,2.39,2.39,0.0,0.0,1915074.02,457241.214
601868.SH,2025-09-11,2.39,2.41,2.37,2.4,2.39,0.01,0.4184,2779960.01,664451.467
601868.SH,2025-09-12,2.4,2.44,2.39,2.43,2.4,0.03,1.25,4389413.1,1063161.392
601868.SH,2025-09-15,2.43,2.47,2.43,2.44,2.43,0.01,0.4115,3997624.29,977278.722
601868.SH,2025-09-16,2.45,2.48,2.43,2.46,2.44,0.02,0.8197,3505703.0,859773.063
601868.SH,2025-09-17,2.46,2.49,2.43,2.49,2.46,0.03,1.2195,4708405.79,1161650.014
601868.SH,2025-09-18,2.49,2.52,2.44,2.46,2.49,-0.03,-1.2048,5315212.88,1319215.36
601868.SH,2025-09-19,2.46,2.49,2.44,2.44,2.46,-0.02,-0.813,3340878.27,822697.492
601868.SH,2025-09-22,2.45,2.46,2.41,2.43,2.44,-0.01,-0.4098,2600266.88,631425.326
601868.SH,2025-09-23,2.43,2.44,2.39,2.43,2.43,0.0,0.0,3546739.09,855663.854
601868.SH,2025-09-24,2.42,2.44,2.41,2.43,2.43,0.0,0.0,2465531.77,598736.307
601868.SH,2025-09-25,2.44,2.44,2.39,2.4,2.43,-0.03,-1.2346,2557347.3,616781.403
601868.SH,2025-09-26,2.4,2.42,2.39,2.4,2.4,0.0,0.0,2077416.34,499118.991
601868.SH,2025-09-29,2.4,2.42,2.38,2.4,2.4,0.0,0.0,2776465.03,665296.441
601868.SH,2025-09-30,2.4,2.42,2.39,2.41,2.4,0.01,0.4167,2602925.59,626660.0
601868.SH,2025-10-09,2.41,2.49,2.41,2.48,2.41,0.07,2.9046,6031843.02,1487243.684
601868.SH,2025-10-10,2.48,2.51,2.46,2.48,2.48,0.0,0.0,4391647.79,1093329.306
601868.SH,2025-10-13,2.47,2.55,2.45,2.53,2.48,0.05,2.0161,7435113.84,1868035.653
601868.SH,2025-10-14,2.53,2.55,2.49,2.5,2.53,-0.03,-1.1858,5372808.11,1351943.702
601868.SH,2025-10-15,2.5,2.53,2.48,2.5,2.5,0.0,0.0,3822809.49,957557.752
601868.SH,2025-10-16,2.5,2.51,2.47,2.48,2.5,-0.02,-0.8,3075067.21,763172.14
601868.SH,2025-10-17,2.48,2.5,2.44,2.45,2.48,-0.03,-1.2097,3456378.1,852718.589
601868.SH,2025-10-20,2.46,2.47,2.44,2.46,2.45,0.01,0.4082,2411624.7,591890.76
601868.SH,2025-10-21,2.46,2.51,2.45,2.5,2.46,0.04,1.626,4187308.47,1043458.43
601868.SH,2025-10-22,2.49,2.52,2.48,2.5,2.5,0.0,0.0,2552522.52,637174.961
601868.SH,2025-10-23,2.49,2.5,2.46,2.5,2.5,0.0,0.0,2744016.07,680534.212
601868.SH,2025-10-24,2.49,2.51,2.47,2.47,2.5,-0.03,-1.2,2663778.21,660598.662
601868.SH,2025-10-27,2.48,2.5,2.47,2.49,2.47,0.02,0.8097,3356667.53,835345.766
601868.SH,2025-10-28,2.49,2.5,2.46,2.47,2.49,-0.02,-0.8032,3126004.74,773348.587
601868.SH,2025-10-29,2.46,2.47,2.45,2.47,2.47,0.0,0.0,2171625.56,534382.429
601868.SH,2025-10-30,2.47,2.49,2.46,2.47,2.47,0.0,0.0,2832916.46,702235.526
601868.SH,2025-10-31,2.46,2.47,2.4,2.41,2.47,-0.06,-2.4291,5904095.02,1432063.862
601868.SH,2025-11-03,2.41,2.43,2.4,2.42,2.41,0.01,0.4149,2439989.61,589756.3
601868.SH,2025-11-04,2.42,2.43,2.4,2.41,2.42,-0.01,-0.4132,1970466.39,475571.657
601868.SH,2025-11-05,2.4,2.44,2.39,2.43,2.41,0.02,0.8299,3261128.06,788873.472
601868.SH,2025-11-06,2.43,2.49,2.42,2.46,2.43,0.03,1.2346,4639621.18,1141739.654
601868.SH,2025-11-07,2.45,2.47,2.44,2.46,2.46,0.0,0.0,2901872.98,713388.106
601868.SH,2025-11-10,2.47,2.48,2.45,2.46,2.46,0.0,0.0,2283091.14,562636.112
601868.SH,2025-11-11,2.47,2.47,2.45,2.45,2.46,-0.01,-0.4065,2121238.93,521591.496
601868.SH,2025-11-12,2.45,2.46,2.43,2.44,2.45,-0.01,-0.4082,2433476.73,594272.888
601868.SH,2025-11-13,2.44,2.45,2.43,2.45,2.44,0.01,0.4098,2058627.52,502429.81
601868.SH,2025-11-14,2.44,2.45,2.43,2.43,2.45,-0.02,-0.8163,1975103.72,481803.808
601868.SH,2025-11-17,2.43,2.44,2.41,2.42,2.43,-0.01,-0.4115,2331029.07,564685.341
601868.SH,2025-11-18,2.42,2.43,2.4,2.4,2.42,-0.02,-0.8264,2110049.84,508207.414
601868.SH,2025-11-19,2.4,2.41,2.38,2.39,2.4,-0.01,-0.4167,2735504.97,654219.816
601868.SH,2025-11-20,2.4,2.43,2.39,2.4,2.39,0.01,0.4184,2991202.3,719727.809
601868.SH,2025-11-21,2.39,2.4,2.35,2.35,2.4,-0.05,-2.0833,3985160.05,944504.941
601868.SH,2025-11-24,2.36,2.37,2.34,2.35,2.35,0.0,0.0,1707197.11,401732.662
601868.SH,2025-11-25,2.36,2.37,2.35,2.36,2.35,0.01,0.4255,1313890.59,309862.33
601868.SH,2025-11-26,2.36,2.37,2.35,2.35,2.36,-0.01,-0.4237,1228626.99,289872.922
601868.SH,2025-11-27,2.35,2.36,2.34,2.34,2.35,-0.01,-0.4255,1346796.56,315966.192
601868.SH,2025-11-28,2.34,2.36,2.32,2.35,2.34,0.01,0.4274,2219221.38,518897.336
601868.SH,2025-12-01,2.35,2.37,2.34,2.36,2.35,0.01,0.4255,2496280.47,587215.571
601868.SH,2025-12-02,2.35,2.36,2.34,2.36,2.36,0.0,0.0,1215075.36,285697.171
601868.SH,2025-12-03,2.35,2.37,2.34,2.36,2.36,0.0,0.0,1732402.7,408263.573
601868.SH,2025-12-04,2.36,2.37,2.34,2.36,2.36,0.0,0.0,1654012.69,390032.334
601868.SH,2025-12-05,2.36,2.38,2.35,2.37,2.36,0.01,0.4237,1803037.48,427031.145
601868.SH,2025-12-08,2.38,2.38,2.36,2.37,2.37,0.0,0.0,1821715.83,431841.143
601868.SH,2025-12-09,2.36,2.37,2.33,2.33,2.37,-0.04,-1.6878,2195900.93,514945.576
601868.SH,2025-12-10,2.33,2.36,2.32,2.35,2.33,0.02,0.8584,2106107.15,493419.536
601868.SH,2025-12-11,2.35,2.37,2.34,2.34,2.35,-0.01,-0.4255,1897364.21,446567.583
601868.SH,2025-12-12,2.35,2.36,2.34,2.35,2.34,0.01,0.4274,1656640.2,389000.484
601868.SH,2025-12-15,2.34,2.37,2.34,2.36,2.35,0.01,0.4255,1931845.04,455264.428
601868.SH,2025-12-16,2.35,2.36,2.32,2.32,2.36,-0.04,-1.6949,2186043.21,510224.645
601868.SH,2025-12-17,2.33,2.34,2.31,2.33,2.32,0.01,0.431,2041047.83,474465.084
601868.SH,2025-12-18,2.33,2.34,2.32,2.33,2.33,0.0,0.0,871815.13,203372.562
601868.SH,2025-12-19,2.34,2.37,2.33,2.36,2.33,0.03,1.2876,2872132.99,676088.721
601868.SH,2025-12-22,2.37,2.39,2.36,2.37,2.36,0.01,0.4237,1937972.33,460401.34
601868.SH,2025-12-23,2.38,2.39,2.36,2.37,2.37,0.0,0.0,1870437.0,444476.771
601868.SH,2025-12-24,2.37,2.39,2.36,2.37,2.37,0.0,0.0,1878279.25,445940.65
601868.SH,2025-12-25,2.38,2.39,2.37,2.38,2.37,0.01,0.4219,1636030.71,389571.625
601868.SH,2025-12-26,2.38,2.39,2.36,2.37,2.38,-0.01,-0.4202,2034581.19,482938.851
601868.SH,2025-12-29,2.37,2.38,2.35,2.35,2.37,-0.02,-0.8439,1819893.43,430400.044
601868.SH,2025-12-30,2.35,2.37,2.34,2.34,2.35,-0.01,-0.4255,2190527.85,515577.579
601868.SH,2025-12-31,2.35,2.36,2.34,2.35,2.34,0.01,0.4274,1496806.81,351585.769
601868.SH,2026-01-05,2.35,2.36,2.34,2.36,2.35,0.01,0.4255,2049789.37,482695.248
601868.SH,2026-01-06,2.36,2.38,2.35,2.37,2.36,0.01,0.4237,3093712.83,733142.025
601868.SH,2026-01-07,2.38,2.38,2.36,2.37,2.37,0.0,0.0,1736083.59,411751.15
601868.SH,2026-01-08,2.36,2.43,2.36,2.4,2.37,0.03,1.2658,4776335.85,1146172.459
601868.SH,2026-01-09,2.41,2.42,2.39,2.4,2.4,0.0,0.0,2635802.62,632861.72
601868.SH,2026-01-12,2.4,2.41,2.39,2.41,2.4,0.01,0.4167,3106375.18,745781.774
601868.SH,2026-01-13,2.41,2.45,2.4,2.43,2.41,0.02,0.8299,5284494.41,1282501.239
601868.SH,2026-01-14,2.44,2.45,2.39,2.4,2.43,-0.03,-1.2346,4586420.8,1111266.191
601868.SH,2026-01-15,2.4,2.41,2.37,2.38,2.4,-0.02,-0.8333,2649304.76,631321.929
601868.SH,2026-01-16,2.39,2.62,2.39,2.49,2.38,0.11,4.6218,14827736.82,3719583.79
601868.SH,2026-01-19,2.46,2.5,2.43,2.47,2.49,-0.02,-0.8032,6865934.01,1692903.145
601868.SH,2026-01-20,2.47,2.57,2.46,2.54,2.47,0.07,2.834,9491957.76,2395752.821
601868.SH,2026-01-21,2.52,2.59,2.51,2.53,2.54,-0.01,-0.3937,7256102.62,1847272.033
601868.SH,2026-01-22,2.53,2.55,2.49,2.51,2.53,-0.02,-0.7905,5792941.87,1459266.441
601868.SH,2026-01-23,2.52,2.53,2.49,2.51,2.51,0.0,0.0,4621974.65,1156853.827
601868.SH,2026-01-26,2.5,2.56,2.5,2.53,2.51,0.02,0.7968,5642410.5,1426474.466
601868.SH,2026-01-27,2.52,2.53,2.46,2.48,2.53,-0.05,-1.9763,4487470.16,1113900.322
601868.SH,2026-01-28,2.48,2.56,2.44,2.46,2.48,-0.02,-0.8065,10900696.39,2721121.398
601868.SH,2026-01-29,2.47,2.48,2.4,2.46,2.46,0.0,0.0,8347640.58,2030887.513
601868.SH,2026-01-30,2.44,2.45,2.41,2.43,2.46,-0.03,-1.2195,4517259.91,1098344.697
601868.SH,2026-02-02,2.42,2.45,2.39,2.4,2.43,-0.03,-1.2346,5053882.34,1225068.889
601868.SH,2026-02-03,2.41,2.42,2.39,2.4,2.4,0.0,0.0,3224084.63,774680.258
601868.SH,2026-02-04,2.4,2.45,2.39,2.44,2.4,0.04,1.6667,4836759.49,1173488.914
601868.SH,2026-02-05,2.44,2.45,2.41,2.42,2.44,-0.02,-0.8197,3195231.48,774050.635
601868.SH,2026-02-06,2.4,2.42,2.39,2.4,2.42,-0.02,-0.8264,3428994.63,824115.996
601868.SH,2026-02-09,2.42,2.42,2.4,2.41,2.4,0.01,0.4167,2749887.43,662794.673
601868.SH,2026-02-10,2.41,2.42,2.39,2.4,2.41,-0.01,-0.4149,2558248.58,614107.957
601868.SH,2026-02-11,2.41,2.42,2.39,2.4,2.4,0.0,0.0,2431715.97,585598.842
601868.SH,2026-02-12,2.41,2.43,2.4,2.41,2.4,0.01,0.4167,3094786.9,747631.95
601868.SH,2026-02-13,2.41,2.42,2.38,2.39,2.41,-0.02,-0.8299,3097014.67,742144.643
601868.SH,2026-02-24,2.41,2.46,2.4,2.46,2.39,0.07,2.9289,6405893.37,1562889.801
601868.SH,2026-02-25,2.46,2.52,2.45,2.49,2.46,0.03,1.2195,7110665.94,1774846.501
601868.SH,2026-02-26,2.49,2.51,2.48,2.5,2.49,0.01,0.4016,3989393.44,994606.802
601868.SH,2026-02-27,2.5,2.54,2.49,2.54,2.5,0.04,1.6,5367155.66,1351924.321
601868.SH,2026-03-02,2.51,2.58,2.5,2.56,2.54,0.02,0.7874,7989847.65,2039093.394
601868.SH,2026-03-03,2.56,2.59,2.51,2.52,2.56,-0.04,-1.5625,7287545.02,1855002.155
601868.SH,2026-03-04,2.51,2.55,2.5,2.54,2.52,0.02,0.7937,5513680.41,1398405.742
601868.SH,2026-03-05,2.56,2.65,2.56,2.63,2.54,0.09,3.5433,9949641.19,2594931.941
601868.SH,2026-03-06,2.66,2.89,2.65,2.89,2.63,0.26,9.8859,20273146.49,5729469.398
601868.SH,2026-03-09,2.95,3.05,2.9,2.94,2.89,0.05,1.7301,33100558.28,9812070.975
601868.SH,2026-03-10,2.98,3.23,2.87,3.14,2.94,0.2,6.8027,32316158.8,9989402.725
601868.SH,2026-03-11,3.15,3.45,3.09,3.45,3.14,0.31,9.8726,18925155.69,6294150.605
601868.SH,2026-03-12,3.52,3.8,3.5,3.8,3.45,0.35,10.1449,47846559.47,17458275.094
601868.SH,2026-03-13,3.8,3.94,3.61,3.74,3.8,-0.06,-1.5789,37981673.6,14411953.529
601868.SH,2026-03-16,3.68,3.81,3.37,3.43,3.74,-0.31,-8.2888,31306093.03,10957556.597
601868.SH,2026-03-17,3.42,3.5,3.24,3.31,3.43,-0.12,-3.4985,21060965.4,7072559.119
601868.SH,2026-03-18,3.31,3.48,3.31,3.38,3.31,0.07,2.1148,21921059.15,7404378.335
601868.SH,2026-03-19,3.34,3.48,3.3,3.36,3.38,-0.02,-0.5917,16611301.14,5622206.724
601868.SH,2026-03-20,3.3,3.4,3.14,3.17,3.36,-0.19,-5.6548,19943102.67,6443911.246
601868.SH,2026-03-23,3.1,3.29,3.09,3.19,3.17,0.02,0.6309,19035587.74,6125223.205
601868.SH,2026-03-24,3.25,3.31,3.14,3.28,3.19,0.09,2.8213,17800328.6,5750436.559
601868.SH,2026-03-25,3.27,3.45,3.24,3.34,3.28,0.06,1.8293,20843783.98,6979295.242
601868.SH,2026-03-26,3.32,3.33,3.17,3.18,3.34,-0.16,-4.7904,13810252.56,4429994.643
601868.SH,2026-03-27,3.12,3.14,3.07,3.1,3.18,-0.08,-2.5157,9960889.42,3088610.647
601868.SH,2026-03-30,3.05,3.06,2.94,3.02,3.1,-0.08,-2.5806,10999230.47,3294294.998
601868.SH,2026-03-31,3.02,3.03,2.89,2.9,3.02,-0.12,-3.9735,9592735.36,2820871.611
601868.SH,2026-04-01,2.95,2.98,2.88,2.92,2.9,0.02,0.6897,6864596.67,2001409.611
601868.SH,2026-04-02,2.91,2.92,2.82,2.85,2.92,-0.07,-2.3973,6422532.75,1839411.009
601868.SH,2026-04-03,2.84,2.85,2.78,2.82,2.85,-0.03,-1.0526,6024828.26,1690154.353
601868.SH,2026-04-07,2.82,2.88,2.78,2.84,2.82,0.02,0.7092,6066555.0,1720480.223
601868.SH,2026-04-08,2.89,2.93,2.86,2.93,2.84,0.09,3.169,8330969.67,2415143.779
601868.SH,2026-04-09,2.9,2.91,2.84,2.86,2.93,-0.07,-2.3891,5750470.44,1645090.343
601868.SH,2026-04-10,2.86,2.88,2.83,2.85,2.86,-0.01,-0.3497,5293280.94,1510286.349
601868.SH,2026-04-13,2.82,2.88,2.81,2.87,2.85,0.02,0.7018,5224353.56,1485697.258
601868.SH,2026-04-14,2.87,2.9,2.83,2.86,2.87,-0.01,-0.3484,4711518.12,1346054.902
601868.SH,2026-04-15,2.86,2.88,2.82,2.83,2.86,-0.03,-1.049,5906221.92,1683544.017
601868.SH,2026-04-16,2.84,2.89,2.82,2.88,2.83,0.05,1.7668,7467220.16,2143179.417
601868.SH,2026-04-17,2.87,2.98,2.86,2.91,2.88,0.03,1.0417,7778782.75,2267764.485
601868.SH,2026-04-20,2.92,2.96,2.87,2.94,2.91,0.03,1.0309,8516082.42,2492731.547
601868.SH,2026-04-21,2.93,3.04,2.88,3.0,2.94,0.06,2.0408,12793709.71,3804838.767
601868.SH,2026-04-22,3.0,3.01,2.96,2.98,3.0,-0.02,-0.6667,7298337.26,2173483.89
601868.SH,2026-04-23,2.97,3.07,2.94,2.99,2.98,0.01,0.3356,9660712.05,2891188.545
601868.SH,2026-04-24,2.97,2.99,2.87,2.9,2.99,-0.09,-3.01,7514562.51,2187105.988
601868.SH,2026-04-27,2.87,2.88,2.83,2.84,2.9,-0.06,-2.069,5393569.74,1531735.357
601868.SH,2026-04-28,2.82,2.83,2.78,2.78,2.84,-0.06,-2.1127,5120327.54,1429910.094
